Mean relative abundance,Change (log2 fold),Adjusted P value,Taxonomy,Indicator pair,Indicator group,Unique to group
4.1,5.736,1.70E-03,Actinobacteria; Actinobacteria; Micrococcales; Microbacteriaceae; Leifsonia,T1:T2,T1,*
2.5,4.206,4.11E-03,Actinobacteria; Actinobacteria; Frankiales; Geodermatophilaceae; Modestobacter,T1:T2,T1,*
8.23,3.879,5.51E-05,Actinobacteria; Actinobacteria; Frankiales; Acidothermaceae; Acidothermus,T1:T2,T1,
13.74,3.782,6.26E-05,Planctomycetes; Planctomycetacia; Pirellulales; Pirellulaceae; Pir4_lineage,T1:T2,T1,
6.32,3.201,7.42E-03,Actinobacteria; Thermoleophilia; Solirubrobacterales; Solirubrobacteraceae; Solirubrobacter,T1:T2,T1,*
6.94,2.776,4.90E-04,Actinobacteria; Actinobacteria; Micrococcales; Intrasporangiaceae; Lapillicoccus,T1:T2,T1,*
22.55,2.62,5.23E-04,Actinobacteria; Actinobacteria; Micrococcales; Microbacteriaceae; Frigoribacterium,T1:T2,T1,*
162.34,2.462,9.77E-10,Proteobacteria; Gammaproteobacteria; Betaproteobacteriales; Burkholderiaceae; Achromobacter,T1:T2,T1,
14.88,2.413,5.21E-03,Proteobacteria; Alphaproteobacteria; Paracaedibacterales; Paracaedibacteraceae; Candidatus_Paracaedibacter,T1:T2,T1,*
75.15,2.173,2.17E-05,Proteobacteria; Alphaproteobacteria; Rhizobiales; Beijerinckiaceae; Methylobacterium,T1:T2,T1,
50.51,2.011,8.84E-03,Actinobacteria; Actinobacteria; Frankiales; Frankiaceae; Jatrophihabitans,T1:T2,T1,*
21.88,1.961,2.43E-05,Actinobacteria; Actinobacteria; Micrococcales; Intrasporangiaceae; Knoellia,T1:T2,T1,
269.55,1.7,4.60E-08,Proteobacteria; Gammaproteobacteria; Betaproteobacteriales; Burkholderiaceae; Burkholderia,T1:T2,T1,
258.34,1.659,3.53E-07,Bacteroidetes; Bacteroidia; Cytophagales; Spirosomaceae; Spirosoma,T1:T2,T1,
32.85,1.629,4.86E-05,Proteobacteria; Gammaproteobacteria; Betaproteobacteriales; Burkholderiaceae; Oxalicibacterium,T1:T2,T1,*
37.98,1.543,1.19E-04,Actinobacteria; Actinobacteria; Micrococcales; Intrasporangiaceae; Phycicoccus,T1:T2,T1,
285.85,1.533,2.82E-03,Firmicutes; Bacilli; Bacillales; Paenibacillaceae; Cohnella,T1:T2,T1,
252.69,1.422,5.26E-03,Proteobacteria; Alphaproteobacteria; Caulobacterales; Caulobacteraceae; Phenylobacterium,T1:T2,T1,
562.49,1.411,6.20E-06,Actinobacteria; Actinobacteria; Propionibacteriales; Nocardioidaceae; Nocardioides,T1:T2,T1,*
5339.91,1.348,9.00E-15,Proteobacteria; Gammaproteobacteria; Betaproteobacteriales; Burkholderiaceae; Massilia,T1:T2,T1,
674.21,1.267,8.22E-03,Firmicutes; Bacilli; Bacillales; Paenibacillaceae; Oxalophagus,T1:T2,T1,
27.04,1.239,7.42E-03,Bacteroidetes; Bacteroidia; Chitinophagales; Chitinophagaceae; Segetibacter,T1:T2,T1,*
301.74,0.999,2.88E-03,Actinobacteria; Actinobacteria; Micrococcales; Micrococcaceae; Paenarthrobacter,T1:T2,T1,*
135.28,0.98,2.55E-03,Proteobacteria; Deltaproteobacteria; Bdellovibrionales; Bacteriovoracaceae; Bacteriovorax,T1:T2,T1,
531.49,0.773,9.15E-06,Proteobacteria; Gammaproteobacteria; Betaproteobacteriales; Burkholderiaceae; Variovorax,T1:T2,T1,
9087.5,0.626,1.81E-04,Proteobacteria; Gammaproteobacteria; Pseudomonadales; Pseudomonadaceae; Pseudomonas,T1:T2,T1,
263.27,-0.488,7.98E-03,Verrucomicrobia; Verrucomicrobiae; Verrucomicrobiales; Rubritaleaceae; Luteolibacter,T1:T2,T2,
365.61,-0.793,4.90E-04,Verrucomicrobia; Verrucomicrobiae; Opitutales; Opitutaceae; Opitutus,T1:T2,T2,
531.58,-1.03,2.37E-03,Proteobacteria; Alphaproteobacteria; Rhizobiales; Rhizobiaceae; Shinella,T1:T2,T2,
224.47,-1.114,1.14E-03,Bacteroidetes; Bacteroidia; Chitinophagales; Chitinophagaceae; Chitinophaga,T1:T2,T2,*
123.4,-1.12,5.30E-03,Actinobacteria; Thermoleophilia; Solirubrobacterales; Solirubrobacteraceae; Conexibacter,T1:T2,T2,
1942.04,-1.205,4.77E-06,Proteobacteria; Alphaproteobacteria; Rhizobiales; Devosiaceae; Devosia,T1:T2,T2,
64.83,-1.32,4.69E-03,Proteobacteria; Alphaproteobacteria; Rhodobacterales; Rhodobacteraceae; Pseudorhodobacter,T1:T2,T2,
288.64,-1.39,3.15E-03,Proteobacteria; Alphaproteobacteria; Caulobacterales; Caulobacteraceae; Caulobacter,T1:T2,T2,
308.92,-1.414,3.50E-05,Bacteroidetes; Bacteroidia; Chitinophagales; Chitinophagaceae; Ferruginibacter,T1:T2,T2,
689.29,-1.424,7.32E-06,Proteobacteria; Gammaproteobacteria; Legionellales; Legionellaceae; Legionella,T1:T2,T2,
41.82,-1.537,4.64E-04,Proteobacteria; Alphaproteobacteria; Rhodobacterales; Rhodobacteraceae; Cereibacter,T1:T2,T2,
1156.47,-1.596,1.98E-08,Planctomycetes; Planctomycetacia; Planctomycetales; Schlesneriaceae; Schlesneria,T1:T2,T2,
159.03,-1.604,1.81E-04,Chlamydiae; Chlamydiae; Chlamydiales; Parachlamydiaceae; Candidatus_Protochlamydia,T1:T2,T2,
115.81,-1.644,3.76E-03,Proteobacteria; Alphaproteobacteria; Rhizobiales; Xanthobacteraceae; Tardiphaga,T1:T2,T2,
140.72,-1.679,2.74E-05,Planctomycetes; Planctomycetacia; Pirellulales; Pirellulaceae; Pirellula,T1:T2,T2,
75.34,-1.754,6.17E-05,Verrucomicrobia; Verrucomicrobiae; Verrucomicrobiales; Verrucomicrobiaceae; Roseimicrobium,T1:T2,T2,
2028.92,-1.757,5.43E-07,Bacteroidetes; Bacteroidia; Sphingobacteriales; Sphingobacteriaceae; Pedobacter,T1:T2,T2,
99.62,-1.822,4.12E-08,Proteobacteria; Gammaproteobacteria; Betaproteobacteriales; Burkholderiaceae; Polaromonas,T1:T2,T2,
311.36,-1.843,9.39E-07,Chlamydiae; Chlamydiae; Chlamydiales; Parachlamydiaceae; Neochlamydia,T1:T2,T2,
48.02,-1.855,6.87E-05,Verrucomicrobia; Verrucomicrobiae; Chthoniobacterales; Terrimicrobiaceae; Terrimicrobium,T1:T2,T2,
174.28,-1.906,1.91E-04,Verrucomicrobia; Verrucomicrobiae; Chthoniobacterales; Chthoniobacteraceae; Chthoniobacter,T1:T2,T2,
5.86,-2.109,8.84E-03,Chlamydiae; Chlamydiae; Chlamydiales; Simkaniaceae; Candidatus_Rhabdochlamydia,T1:T2,T2,
67.04,-2.144,5.52E-03,Proteobacteria; Gammaproteobacteria; Gammaproteobacteria_Incertae_Sedis; Unknown_Family; Candidatus_Berkiella,T1:T2,T2,
689.47,-2.176,1.05E-07,Proteobacteria; Gammaproteobacteria; Betaproteobacteriales; Methylophilaceae; Methylophilus,T1:T2,T2,
4946.91,-2.189,2.60E-32,Bacteroidetes; Bacteroidia; Flavobacteriales; Flavobacteriaceae; Flavobacterium,T1:T2,T2,
44.22,-2.227,5.51E-05,Proteobacteria; Gammaproteobacteria; Coxiellales; Coxiellaceae; Coxiella,T1:T2,T2,
27.97,-2.505,1.49E-04,Proteobacteria; Gammaproteobacteria; Betaproteobacteriales; Nitrosomonadaceae; MND1,T1:T2,T2,
441.7,-2.749,7.65E-09,Proteobacteria; Gammaproteobacteria; Betaproteobacteriales; Burkholderiaceae; Rhodoferax,T1:T2,T2,
65.04,-2.911,7.51E-08,Planctomycetes; Planctomycetacia; Gemmatales; Gemmataceae; Zavarzinella,T1:T2,T2,
51.11,-3.055,4.64E-04,Proteobacteria; Gammaproteobacteria; Cellvibrionales; Cellvibrionaceae; Cellvibrio,T1:T2,T2,
333.79,-3.069,5.81E-03,Proteobacteria; Gammaproteobacteria; Betaproteobacteriales; Burkholderiaceae; Curvibacter,T1:T2,T2,
7.29,-3.359,5.74E-03,Actinobacteria; Acidimicrobiia; Microtrichales; Ilumatobacteraceae; CL500-29_marine_group,T1:T2,T2,
11.57,-3.448,6.60E-06,Proteobacteria; Gammaproteobacteria; Oceanospirillales; Pseudohongiellaceae; BIyi10,T1:T2,T2,
82.04,-3.867,9.37E-12,Verrucomicrobia; Verrucomicrobiae; Opitutales; Opitutaceae; Lacunisphaera,T1:T2,T2,
12.07,-4.103,1.83E-04,Proteobacteria; Alphaproteobacteria; Paracaedibacterales; Paracaedibacteraceae; Candidatus_Captivus,T1:T2,T2,
6188.92,-4.114,5.75E-39,Proteobacteria; Gammaproteobacteria; Salinisphaerales; Solimonadaceae; Alkanibacter,T1:T2,T2,
283.75,-4.132,5.23E-14,Proteobacteria; Deltaproteobacteria; Bdellovibrionales; Bdellovibrionaceae; OM27_clade,T1:T2,T2,
8.12,-4.301,3.64E-07,Bacteroidetes; Bacteroidia; Chitinophagales; Chitinophagaceae; Sediminibacterium,T1:T2,T2,
72.27,-4.447,2.30E-07,Proteobacteria; Gammaproteobacteria; Salinisphaerales; Solimonadaceae; Nevskia,T1:T2,T2,
682.82,-4.533,1.02E-04,Proteobacteria; Gammaproteobacteria; Betaproteobacteriales; Burkholderiaceae; Acidovorax,T1:T2,T2,
56.51,-5.028,4.77E-06,Proteobacteria; Gammaproteobacteria; Betaproteobacteriales; Methylophilaceae; Methylobacillus,T1:T2,T2,
8.43,-5.288,5.12E-07,Bacteroidetes; Bacteroidia; Chitinophagales; Chitinophagaceae; Heliimonas,T1:T2,T2,
48.56,-5.443,3.27E-19,Planctomycetes; Planctomycetacia; Planctomycetales; Rubinisphaeraceae; SH-PL14,T1:T2,T2,
35.01,-5.603,3.59E-11,Armatimonadetes; Fimbriimonadia; Fimbriimonadales; Fimbriimonadaceae; Fimbriimonas,T1:T2,T2,
10.26,-5.661,1.08E-09,Proteobacteria; Gammaproteobacteria; Salinisphaerales; Solimonadaceae; Panacagrimonas,T1:T2,T2,
14.01,-5.74,4.90E-04,Proteobacteria; Alphaproteobacteria; Rickettsiales; Midichloriaceae; Candidatus_Jidaibacter,T1:T2,T2,*
61.71,-6.093,1.41E-08,Proteobacteria; Gammaproteobacteria; Betaproteobacteriales; Burkholderiaceae; Pseudorhodoferax,T1:T2,T2,
104.74,-6.327,3.53E-07,Bacteroidetes; Bacteroidia; Cytophagales; Spirosomaceae; Emticicia,T1:T2,T2,
150.51,-14.256,1.40E-16,Firmicutes; Clostridia; Clostridiales; Clostridiaceae_1; Clostridium_sensu_stricto_1,T1:T2,T2,
9.24,-14.525,2.15E-13,Verrucomicrobia; Verrucomicrobiae; Opitutales; Opitutaceae; IMCC26134,T1:T2,T2,
81.13,-17.617,1.95E-20,Proteobacteria; Deltaproteobacteria; Desulfuromonadales; Geobacteraceae; Geobacter,T1:T2,T2,
16.16,-18.666,9.82E-30,Proteobacteria; Alphaproteobacteria; Micropepsales; Micropepsaceae; Micropepsis,T1:T2,T2,
22.55,1.924,9.26E-03,Actinobacteria; Actinobacteria; Micrococcales; Microbacteriaceae; Frigoribacterium,T1:T3,T1,*
115.29,1.888,3.63E-12,Proteobacteria; Gammaproteobacteria; Betaproteobacteriales; Burkholderiaceae; Herbaspirillum,T1:T3,T1,
162.34,1.542,9.23E-05,Proteobacteria; Gammaproteobacteria; Betaproteobacteriales; Burkholderiaceae; Achromobacter,T1:T3,T1,
21.88,1.197,9.18E-03,Actinobacteria; Actinobacteria; Micrococcales; Intrasporangiaceae; Knoellia,T1:T3,T1,
32.85,1.182,2.44E-03,Proteobacteria; Gammaproteobacteria; Betaproteobacteriales; Burkholderiaceae; Oxalicibacterium,T1:T3,T1,*
9087.5,0.974,2.36E-10,Proteobacteria; Gammaproteobacteria; Pseudomonadales; Pseudomonadaceae; Pseudomonas,T1:T3,T1,
562.49,0.956,1.74E-03,Actinobacteria; Actinobacteria; Propionibacteriales; Nocardioidaceae; Nocardioides,T1:T3,T1,*
5339.91,0.896,1.33E-07,Proteobacteria; Gammaproteobacteria; Betaproteobacteriales; Burkholderiaceae; Massilia,T1:T3,T1,
263.27,-0.559,1.06E-03,Verrucomicrobia; Verrucomicrobiae; Verrucomicrobiales; Rubritaleaceae; Luteolibacter,T1:T3,T3,
155.79,-0.803,5.65E-03,Verrucomicrobia; Verrucomicrobiae; Verrucomicrobiales; Verrucomicrobiaceae; Prosthecobacter,T1:T3,T3,
37.3,-0.921,6.42E-03,Proteobacteria; Gammaproteobacteria; Xanthomonadales; Xanthomonadaceae; Arenimonas,T1:T3,T3,
677.58,-0.949,9.93E-04,Bacteroidetes; Bacteroidia; Cytophagales; Spirosomaceae; Dyadobacter,T1:T3,T3,
380.02,-0.982,1.83E-03,Verrucomicrobia; Verrucomicrobiae; Chthoniobacterales; Chthoniobacteraceae; Candidatus_Udaeobacter,T1:T3,T3,
310.17,-1.006,6.55E-04,Proteobacteria; Deltaproteobacteria; Bdellovibrionales; Bdellovibrionaceae; Bdellovibrio,T1:T3,T3,*
214.32,-1.176,3.04E-06,Actinobacteria; Actinobacteria; Corynebacteriales; Mycobacteriaceae; Mycobacterium,T1:T3,T3,
747.75,-1.197,1.59E-10,Proteobacteria; Alphaproteobacteria; Sphingomonadales; Sphingomonadaceae; Sphingomonas,T1:T3,T3,
288.64,-1.216,6.68E-03,Proteobacteria; Alphaproteobacteria; Caulobacterales; Caulobacteraceae; Caulobacter,T1:T3,T3,
253.44,-1.219,5.66E-05,Proteobacteria; Alphaproteobacteria; Sphingomonadales; Sphingomonadaceae; Altererythrobacter,T1:T3,T3,
648.65,-1.307,1.52E-07,Proteobacteria; Alphaproteobacteria; Rhizobiales; Rhizobiaceae; Aminobacter,T1:T3,T3,
82.88,-1.4,5.55E-04,Proteobacteria; Gammaproteobacteria; Betaproteobacteriales; Burkholderiaceae; Xylophilus,T1:T3,T3,
7.96,-1.468,4.43E-03,Acidobacteria; Blastocatellia_(Subgroup_4); Blastocatellales; Blastocatellaceae; JGI_0001001-H03,T1:T3,T3,
140.45,-1.492,1.61E-03,Proteobacteria; Alphaproteobacteria; Caulobacterales; Caulobacteraceae; Brevundimonas,T1:T3,T3,
26.35,-1.518,4.76E-03,Proteobacteria; Gammaproteobacteria; Xanthomonadales; Xanthomonadaceae; Pseudoxanthomonas,T1:T3,T3,
4946.91,-1.551,1.31E-17,Bacteroidetes; Bacteroidia; Flavobacteriales; Flavobacteriaceae; Flavobacterium,T1:T3,T3,
130.17,-1.569,9.93E-04,Proteobacteria; Alphaproteobacteria; Sphingomonadales; Sphingomonadaceae; Sphingobium,T1:T3,T3,
70.2,-1.629,4.60E-06,Bacteroidetes; Bacteroidia; Chitinophagales; Chitinophagaceae; Flavitalea,T1:T3,T3,
360.18,-1.636,8.09E-13,Proteobacteria; Gammaproteobacteria; Betaproteobacteriales; Burkholderiaceae; Caenimonas,T1:T3,T3,
115.81,-1.696,1.42E-03,Proteobacteria; Alphaproteobacteria; Rhizobiales; Xanthobacteraceae; Tardiphaga,T1:T3,T3,
31.54,-1.704,1.42E-03,Armatimonadetes; Chthonomonadetes; Chthonomonadales; Chthonomonadaceae; Chthonomonas,T1:T3,T3,
443.12,-1.989,2.62E-04,Proteobacteria; Alphaproteobacteria; Caulobacterales; Caulobacteraceae; Asticcacaulis,T1:T3,T3,
308.92,-2.046,9.09E-11,Bacteroidetes; Bacteroidia; Chitinophagales; Chitinophagaceae; Ferruginibacter,T1:T3,T3,
365.61,-2.056,1.08E-23,Verrucomicrobia; Verrucomicrobiae; Opitutales; Opitutaceae; Opitutus,T1:T3,T3,
67.06,-2.082,2.98E-05,Actinobacteria; Acidimicrobiia; Microtrichales; Iamiaceae; Iamia,T1:T3,T3,
53.29,-2.092,1.31E-11,Bacteroidetes; Bacteroidia; Chitinophagales; Chitinophagaceae; Parasegetibacter,T1:T3,T3,
84.5,-2.144,1.54E-08,Proteobacteria; Alphaproteobacteria; Rhizobiales; Rhizobiaceae; Mesorhizobium,T1:T3,T3,
99.62,-2.196,2.18E-12,Proteobacteria; Gammaproteobacteria; Betaproteobacteriales; Burkholderiaceae; Polaromonas,T1:T3,T3,
1942.04,-2.225,5.21E-20,Proteobacteria; Alphaproteobacteria; Rhizobiales; Devosiaceae; Devosia,T1:T3,T3,
130.88,-2.231,8.83E-14,Acidobacteria; Acidobacteriia; Solibacterales; Solibacteraceae_(Subgroup_3); Bryobacter,T1:T3,T3,
24.94,-2.345,4.81E-06,Proteobacteria; Gammaproteobacteria; Betaproteobacteriales; Nitrosomonadaceae; Ellin6067,T1:T3,T3,
91.13,-2.356,5.73E-05,Proteobacteria; Alphaproteobacteria; Rhizobiales; Xanthobacteraceae; Pseudolabrys,T1:T3,T3,
215.42,-2.37,4.05E-12,Proteobacteria; Alphaproteobacteria; Reyranellales; Reyranellaceae; Reyranella,T1:T3,T3,
11.39,-2.377,1.49E-03,Planctomycetes; Planctomycetacia; Gemmatales; Gemmataceae; Fimbriiglobus,T1:T3,T3,
64.83,-2.387,8.90E-09,Proteobacteria; Alphaproteobacteria; Rhodobacterales; Rhodobacteraceae; Pseudorhodobacter,T1:T3,T3,
75.73,-2.397,1.19E-05,Acidobacteria; Blastocatellia_(Subgroup_4); Pyrinomonadales; Pyrinomonadaceae; RB41,T1:T3,T3,
120.58,-2.425,3.26E-09,Proteobacteria; Gammaproteobacteria; Xanthomonadales; Xanthomonadaceae; Luteimonas,T1:T3,T3,
42.42,-2.45,7.02E-05,Proteobacteria; Alphaproteobacteria; Rhizobiales; Xanthobacteraceae; Rhodopseudomonas,T1:T3,T3,
54.46,-2.473,5.82E-11,Proteobacteria; Alphaproteobacteria; Acetobacterales; Acetobacteraceae; Rhodovastum,T1:T3,T3,
35.94,-2.521,6.02E-07,Proteobacteria; Alphaproteobacteria; Sphingomonadales; Sphingomonadaceae; Porphyrobacter,T1:T3,T3,
6188.92,-2.612,3.30E-17,Proteobacteria; Gammaproteobacteria; Salinisphaerales; Solimonadaceae; Alkanibacter,T1:T3,T3,
49.39,-2.642,4.79E-05,Bacteroidetes; Bacteroidia; Cytophagales; Spirosomaceae; Larkinella,T1:T3,T3,
108.5,-2.676,2.35E-12,Planctomycetes; Planctomycetacia; Gemmatales; Gemmataceae; Gemmata,T1:T3,T3,
41.82,-2.688,1.51E-11,Proteobacteria; Alphaproteobacteria; Rhodobacterales; Rhodobacteraceae; Cereibacter,T1:T3,T3,
531.58,-2.693,2.57E-19,Proteobacteria; Alphaproteobacteria; Rhizobiales; Rhizobiaceae; Shinella,T1:T3,T3,
21.47,-2.713,1.73E-03,Proteobacteria; Alphaproteobacteria; Rhizobiales; Xanthobacteraceae; Rhodoplanes,T1:T3,T3,
137.11,-2.739,3.48E-09,Gemmatimonadetes; Gemmatimonadetes; Gemmatimonadales; Gemmatimonadaceae; Gemmatimonas,T1:T3,T3,
689.47,-2.925,2.44E-14,Proteobacteria; Gammaproteobacteria; Betaproteobacteriales; Methylophilaceae; Methylophilus,T1:T3,T3,
6.62,-2.95,1.52E-03,Proteobacteria; Gammaproteobacteria; Betaproteobacteriales; Burkholderiaceae; CM1G08,T1:T3,T3,
689.29,-3.009,6.24E-25,Proteobacteria; Gammaproteobacteria; Legionellales; Legionellaceae; Legionella,T1:T3,T3,
26.22,-3.066,4.20E-05,Proteobacteria; Deltaproteobacteria; Myxococcales; Archangiaceae; Anaeromyxobacter,T1:T3,T3,
8.9,-3.131,3.69E-03,Proteobacteria; Alphaproteobacteria; Rhizobiales; Hyphomicrobiaceae; Hyphomicrobium,T1:T3,T3,
123.4,-3.168,2.53E-19,Actinobacteria; Thermoleophilia; Solirubrobacterales; Solirubrobacteraceae; Conexibacter,T1:T3,T3,
1156.47,-3.238,1.15E-34,Planctomycetes; Planctomycetacia; Planctomycetales; Schlesneriaceae; Schlesneria,T1:T3,T3,
6.56,-3.386,8.56E-03,Proteobacteria; Alphaproteobacteria; Rhizobiales; Rhizobiales_Incertae_Sedis; Bauldia,T1:T3,T3,
67.04,-3.414,9.19E-07,Proteobacteria; Gammaproteobacteria; Gammaproteobacteria_Incertae_Sedis; Unknown_Family; Candidatus_Berkiella,T1:T3,T3,
159.03,-3.49,3.32E-19,Chlamydiae; Chlamydiae; Chlamydiales; Parachlamydiaceae; Candidatus_Protochlamydia,T1:T3,T3,
51.11,-3.542,1.39E-05,Proteobacteria; Gammaproteobacteria; Cellvibrionales; Cellvibrionaceae; Cellvibrio,T1:T3,T3,
5.86,-3.683,2.65E-07,Chlamydiae; Chlamydiae; Chlamydiales; Simkaniaceae; Candidatus_Rhabdochlamydia,T1:T3,T3,
2.88,-3.77,8.31E-03,Proteobacteria; Alphaproteobacteria; Dongiales; Dongiaceae; Dongia,T1:T3,T3,
48.02,-3.802,3.77E-19,Verrucomicrobia; Verrucomicrobiae; Chthoniobacterales; Terrimicrobiaceae; Terrimicrobium,T1:T3,T3,
72.27,-3.909,2.02E-06,Proteobacteria; Gammaproteobacteria; Salinisphaerales; Solimonadaceae; Nevskia,T1:T3,T3,
311.36,-3.991,1.37E-30,Chlamydiae; Chlamydiae; Chlamydiales; Parachlamydiaceae; Neochlamydia,T1:T3,T3,
12.74,-4.083,1.56E-07,Fibrobacteres; Fibrobacteria; Fibrobacterales; Fibrobacteraceae; possible_genus_04,T1:T3,T3,
174.28,-4.099,1.30E-18,Verrucomicrobia; Verrucomicrobiae; Chthoniobacterales; Chthoniobacteraceae; Chthoniobacter,T1:T3,T3,
6.84,-4.138,7.85E-04,Proteobacteria; Alphaproteobacteria; Rhizobiales; Xanthobacteraceae; Starkeya,T1:T3,T3,
3.38,-4.256,1.02E-04,Bacteroidetes; Bacteroidia; Cytophagales; Microscillaceae; Ohtaekwangia,T1:T3,T3,
75.34,-4.32,1.53E-27,Verrucomicrobia; Verrucomicrobiae; Verrucomicrobiales; Verrucomicrobiaceae; Roseimicrobium,T1:T3,T3,
441.7,-4.385,5.22E-23,Proteobacteria; Gammaproteobacteria; Betaproteobacteriales; Burkholderiaceae; Rhodoferax,T1:T3,T3,
11.72,-4.386,4.55E-04,Proteobacteria; Gammaproteobacteria; Diplorickettsiales; Diplorickettsiaceae; Aquicella,T1:T3,T3,
140.72,-4.547,5.08E-36,Planctomycetes; Planctomycetacia; Pirellulales; Pirellulaceae; Pirellula,T1:T3,T3,
7.36,-4.63,2.90E-09,Acidobacteria; Blastocatellia_(Subgroup_4); Blastocatellales; Blastocatellaceae; Blastocatella,T1:T3,T3,
29.12,-4.638,1.11E-11,Proteobacteria; Alphaproteobacteria; Sphingomonadales; Sphingomonadaceae; Ellin6055,T1:T3,T3,
21.48,-4.805,5.56E-03,Proteobacteria; Gammaproteobacteria; Betaproteobacteriales; Methylophilaceae; UBA6140,T1:T3,T3,
44.22,-4.848,4.20E-22,Proteobacteria; Gammaproteobacteria; Coxiellales; Coxiellaceae; Coxiella,T1:T3,T3,
11.57,-4.894,6.10E-12,Proteobacteria; Gammaproteobacteria; Oceanospirillales; Pseudohongiellaceae; BIyi10,T1:T3,T3,
7.29,-4.971,6.27E-06,Actinobacteria; Acidimicrobiia; Microtrichales; Ilumatobacteraceae; CL500-29_marine_group,T1:T3,T3,
57.08,-5.061,1.31E-17,Proteobacteria; Deltaproteobacteria; Myxococcales; Haliangiaceae; Haliangium,T1:T3,T3,
4.17,-5.081,6.72E-03,Proteobacteria; Gammaproteobacteria; Salinisphaerales; Solimonadaceae; Hydrocarboniphaga,T1:T3,T3,
9.03,-5.114,2.82E-06,Bacteroidetes; Bacteroidia; Chitinophagales; Chitinophagaceae; Terrimonas,T1:T3,T3,
3.39,-5.187,4.10E-04,Actinobacteria; Actinobacteria; Micromonosporales; Micromonosporaceae; Allocatelliglobosispora,T1:T3,T3,
65.04,-5.275,8.71E-26,Planctomycetes; Planctomycetacia; Gemmatales; Gemmataceae; Zavarzinella,T1:T3,T3,
27.97,-5.3,7.78E-19,Proteobacteria; Gammaproteobacteria; Betaproteobacteriales; Nitrosomonadaceae; MND1,T1:T3,T3,
9.65,-5.795,3.39E-08,Proteobacteria; Gammaproteobacteria; Betaproteobacteriales; Nitrosomonadaceae; IS-44,T1:T3,T3,
5.44,-5.903,1.47E-03,Proteobacteria; Alphaproteobacteria; Rickettsiales; Rickettsiaceae; Rickettsia,T1:T3,T3,*
6.85,-6.1,2.66E-09,Proteobacteria; Alphaproteobacteria; Rhizobiales; Rhizobiales_Incertae_Sedis; Nordella,T1:T3,T3,
8.43,-6.178,4.89E-10,Bacteroidetes; Bacteroidia; Chitinophagales; Chitinophagaceae; Heliimonas,T1:T3,T3,
10.24,-6.255,3.46E-04,Proteobacteria; Gammaproteobacteria; Pseudomonadales; Moraxellaceae; Cavicella,T1:T3,T3,
12.07,-6.293,4.66E-10,Proteobacteria; Alphaproteobacteria; Paracaedibacterales; Paracaedibacteraceae; Candidatus_Captivus,T1:T3,T3,
10.26,-6.5,1.71E-13,Proteobacteria; Gammaproteobacteria; Salinisphaerales; Solimonadaceae; Panacagrimonas,T1:T3,T3,
8.12,-6.677,1.67E-17,Bacteroidetes; Bacteroidia; Chitinophagales; Chitinophagaceae; Sediminibacterium,T1:T3,T3,
9.23,-7.026,2.53E-11,Acidobacteria; Acidobacteriia; Solibacterales; Solibacteraceae_(Subgroup_3); Paludibaculum,T1:T3,T3,
56.51,-7.028,6.15E-12,Proteobacteria; Gammaproteobacteria; Betaproteobacteriales; Methylophilaceae; Methylobacillus,T1:T3,T3,
333.79,-7.242,1.82E-13,Proteobacteria; Gammaproteobacteria; Betaproteobacteriales; Burkholderiaceae; Curvibacter,T1:T3,T3,
283.75,-7.289,1.87E-44,Proteobacteria; Deltaproteobacteria; Bdellovibrionales; Bdellovibrionaceae; OM27_clade,T1:T3,T3,
82.04,-7.366,2.35E-43,Verrucomicrobia; Verrucomicrobiae; Opitutales; Opitutaceae; Lacunisphaera,T1:T3,T3,
48.56,-8.051,4.38E-43,Planctomycetes; Planctomycetacia; Planctomycetales; Rubinisphaeraceae; SH-PL14,T1:T3,T3,
61.71,-8.307,1.56E-16,Proteobacteria; Gammaproteobacteria; Betaproteobacteriales; Burkholderiaceae; Pseudorhodoferax,T1:T3,T3,
1463.97,-8.336,4.77E-09,Firmicutes; Negativicutes; Selenomonadales; Veillonellaceae; Pelosinus,T1:T3,T3,
682.82,-8.384,4.44E-15,Proteobacteria; Gammaproteobacteria; Betaproteobacteriales; Burkholderiaceae; Acidovorax,T1:T3,T3,
35.01,-8.584,6.68E-27,Armatimonadetes; Fimbriimonadia; Fimbriimonadales; Fimbriimonadaceae; Fimbriimonas,T1:T3,T3,
104.74,-9.247,1.66E-15,Bacteroidetes; Bacteroidia; Cytophagales; Spirosomaceae; Emticicia,T1:T3,T3,
9.24,-20.39,5.80E-28,Verrucomicrobia; Verrucomicrobiae; Opitutales; Opitutaceae; IMCC26134,T1:T3,T3,
81.13,-23.197,1.90E-37,Proteobacteria; Deltaproteobacteria; Desulfuromonadales; Geobacteraceae; Geobacter,T1:T3,T3,
16.16,-23.216,7.30E-48,Proteobacteria; Alphaproteobacteria; Micropepsales; Micropepsaceae; Micropepsis,T1:T3,T3,
150.51,-25.167,9.68E-55,Firmicutes; Clostridia; Clostridiales; Clostridiaceae_1; Clostridium_sensu_stricto_1,T1:T3,T3,
2.58,3.728,9.77E-03,Actinobacteria; Actinobacteria; Frankiales; Geodermatophilaceae; Blastococcus,T1:T4,T1,*
5.85,2.906,1.52E-03,Proteobacteria; Alphaproteobacteria; Sphingomonadales; Sphingomonadaceae; Rhizorhapis,T1:T4,T1,*
22.55,2.901,7.40E-05,Actinobacteria; Actinobacteria; Micrococcales; Microbacteriaceae; Frigoribacterium,T1:T4,T1,*
6.94,2.153,6.42E-03,Actinobacteria; Actinobacteria; Micrococcales; Intrasporangiaceae; Lapillicoccus,T1:T4,T1,*
32.85,2.004,2.23E-07,Proteobacteria; Gammaproteobacteria; Betaproteobacteriales; Burkholderiaceae; Oxalicibacterium,T1:T4,T1,*
50.51,1.987,6.98E-03,Actinobacteria; Actinobacteria; Frankiales; Frankiaceae; Jatrophihabitans,T1:T4,T1,*
5339.91,1.725,6.34E-24,Proteobacteria; Gammaproteobacteria; Betaproteobacteriales; Burkholderiaceae; Massilia,T1:T4,T1,
285.85,1.598,1.12E-03,Firmicutes; Bacilli; Bacillales; Paenibacillaceae; Cohnella,T1:T4,T1,
20.56,1.3,4.11E-03,Bacteroidetes; Bacteroidia; Cytophagales; Hymenobacteraceae; Hymenobacter,T1:T4,T1,*
115.29,1.27,8.36E-06,Proteobacteria; Gammaproteobacteria; Betaproteobacteriales; Burkholderiaceae; Herbaspirillum,T1:T4,T1,
562.49,1.259,3.94E-05,Actinobacteria; Actinobacteria; Propionibacteriales; Nocardioidaceae; Nocardioides,T1:T4,T1,*
301.74,1.213,1.26E-04,Actinobacteria; Actinobacteria; Micrococcales; Micrococcaceae; Paenarthrobacter,T1:T4,T1,*
269.55,0.993,1.57E-03,Proteobacteria; Gammaproteobacteria; Betaproteobacteriales; Burkholderiaceae; Burkholderia,T1:T4,T1,
263.27,-0.794,3.01E-06,Verrucomicrobia; Verrucomicrobiae; Verrucomicrobiales; Rubritaleaceae; Luteolibacter,T1:T4,T4,
155.79,-0.828,4.93E-03,Verrucomicrobia; Verrucomicrobiae; Verrucomicrobiales; Verrucomicrobiaceae; Prosthecobacter,T1:T4,T4,
37.3,-0.897,9.12E-03,Proteobacteria; Gammaproteobacteria; Xanthomonadales; Xanthomonadaceae; Arenimonas,T1:T4,T4,
214.32,-1.055,5.20E-05,Actinobacteria; Actinobacteria; Corynebacteriales; Mycobacteriaceae; Mycobacterium,T1:T4,T4,
677.58,-1.06,2.71E-04,Bacteroidetes; Bacteroidia; Cytophagales; Spirosomaceae; Dyadobacter,T1:T4,T4,
362.55,-1.094,2.74E-03,Proteobacteria; Alphaproteobacteria; Sphingomonadales; Sphingomonadaceae; Novosphingobium,T1:T4,T4,
70.2,-1.149,2.17E-03,Bacteroidetes; Bacteroidia; Chitinophagales; Chitinophagaceae; Flavitalea,T1:T4,T4,
747.75,-1.182,9.39E-10,Proteobacteria; Alphaproteobacteria; Sphingomonadales; Sphingomonadaceae; Sphingomonas,T1:T4,T4,
648.65,-1.253,1.06E-06,Proteobacteria; Alphaproteobacteria; Rhizobiales; Rhizobiaceae; Aminobacter,T1:T4,T4,
53.29,-1.294,7.88E-05,Bacteroidetes; Bacteroidia; Chitinophagales; Chitinophagaceae; Parasegetibacter,T1:T4,T4,
253.44,-1.346,1.30E-05,Proteobacteria; Alphaproteobacteria; Sphingomonadales; Sphingomonadaceae; Altererythrobacter,T1:T4,T4,
101.24,-1.365,1.38E-03,Proteobacteria; Alphaproteobacteria; Rhizobiales; Rhizobiaceae; Neorhizobium,T1:T4,T4,
2028.92,-1.38,7.40E-05,Bacteroidetes; Bacteroidia; Sphingobacteriales; Sphingobacteriaceae; Pedobacter,T1:T4,T4,
356.97,-1.467,3.10E-05,Actinobacteria; Actinobacteria; Corynebacteriales; Nocardiaceae; Rhodococcus,T1:T4,T4,
365.61,-1.616,2.77E-14,Verrucomicrobia; Verrucomicrobiae; Opitutales; Opitutaceae; Opitutus,T1:T4,T4,
7.96,-1.662,1.37E-03,Acidobacteria; Blastocatellia_(Subgroup_4); Blastocatellales; Blastocatellaceae; JGI_0001001-H03,T1:T4,T4,
82.88,-1.669,4.40E-05,Proteobacteria; Gammaproteobacteria; Betaproteobacteriales; Burkholderiaceae; Xylophilus,T1:T4,T4,
31.54,-1.673,2.12E-03,Armatimonadetes; Chthonomonadetes; Chthonomonadales; Chthonomonadaceae; Chthonomonas,T1:T4,T4,
6188.92,-1.706,1.43E-07,Proteobacteria; Gammaproteobacteria; Salinisphaerales; Solimonadaceae; Alkanibacter,T1:T4,T4,
43.51,-1.728,4.57E-03,Proteobacteria; Alphaproteobacteria; Rhizobiales; Beijerinckiaceae; Bosea,T1:T4,T4,
360.18,-1.763,5.54E-14,Proteobacteria; Gammaproteobacteria; Betaproteobacteriales; Burkholderiaceae; Caenimonas,T1:T4,T4,
67.06,-1.769,6.39E-04,Actinobacteria; Acidimicrobiia; Microtrichales; Iamiaceae; Iamia,T1:T4,T4,
4946.91,-1.838,5.37E-23,Bacteroidetes; Bacteroidia; Flavobacteriales; Flavobacteriaceae; Flavobacterium,T1:T4,T4,
288.64,-1.902,1.62E-05,Proteobacteria; Alphaproteobacteria; Caulobacterales; Caulobacteraceae; Caulobacter,T1:T4,T4,
368.37,-1.934,1.61E-07,Proteobacteria; Alphaproteobacteria; Rhizobiales; Rhizobiaceae; Allorhizobium-Rhizobium,T1:T4,T4,
42.42,-1.934,2.63E-03,Proteobacteria; Alphaproteobacteria; Rhizobiales; Xanthobacteraceae; Rhodopseudomonas,T1:T4,T4,
130.17,-1.951,4.50E-05,Proteobacteria; Alphaproteobacteria; Sphingomonadales; Sphingomonadaceae; Sphingobium,T1:T4,T4,
140.45,-2.057,1.33E-05,Proteobacteria; Alphaproteobacteria; Caulobacterales; Caulobacteraceae; Brevundimonas,T1:T4,T4,
130.88,-2.124,5.80E-12,Acidobacteria; Acidobacteriia; Solibacterales; Solibacteraceae_(Subgroup_3); Bryobacter,T1:T4,T4,
215.42,-2.152,1.11E-09,Proteobacteria; Alphaproteobacteria; Reyranellales; Reyranellaceae; Reyranella,T1:T4,T4,
467.13,-2.193,3.68E-05,Proteobacteria; Gammaproteobacteria; Betaproteobacteriales; Burkholderiaceae; Janthinobacterium,T1:T4,T4,
75.73,-2.219,8.38E-05,Acidobacteria; Blastocatellia_(Subgroup_4); Pyrinomonadales; Pyrinomonadaceae; RB41,T1:T4,T4,
91.13,-2.252,1.82E-04,Proteobacteria; Alphaproteobacteria; Rhizobiales; Xanthobacteraceae; Pseudolabrys,T1:T4,T4,
108.5,-2.279,8.03E-09,Planctomycetes; Planctomycetacia; Gemmatales; Gemmataceae; Gemmata,T1:T4,T4,
1942.04,-2.318,1.26E-20,Proteobacteria; Alphaproteobacteria; Rhizobiales; Devosiaceae; Devosia,T1:T4,T4,
21.47,-2.367,8.02E-03,Proteobacteria; Alphaproteobacteria; Rhizobiales; Xanthobacteraceae; Rhodoplanes,T1:T4,T4,
84.5,-2.409,5.84E-10,Proteobacteria; Alphaproteobacteria; Rhizobiales; Rhizobiaceae; Mesorhizobium,T1:T4,T4,
11.39,-2.538,8.34E-04,Planctomycetes; Planctomycetacia; Gemmatales; Gemmataceae; Fimbriiglobus,T1:T4,T4,
6.62,-2.599,6.70E-03,Proteobacteria; Gammaproteobacteria; Betaproteobacteriales; Burkholderiaceae; CM1G08,T1:T4,T4,
26.22,-2.601,8.17E-04,Proteobacteria; Deltaproteobacteria; Myxococcales; Archangiaceae; Anaeromyxobacter,T1:T4,T4,
120.58,-2.624,4.91E-10,Proteobacteria; Gammaproteobacteria; Xanthomonadales; Xanthomonadaceae; Luteimonas,T1:T4,T4,
35.94,-2.626,3.88E-07,Proteobacteria; Alphaproteobacteria; Sphingomonadales; Sphingomonadaceae; Porphyrobacter,T1:T4,T4,
54.46,-2.665,6.48E-12,Proteobacteria; Alphaproteobacteria; Acetobacterales; Acetobacteraceae; Rhodovastum,T1:T4,T4,
99.62,-2.762,3.95E-18,Proteobacteria; Gammaproteobacteria; Betaproteobacteriales; Burkholderiaceae; Polaromonas,T1:T4,T4,
1156.47,-2.779,2.41E-24,Planctomycetes; Planctomycetacia; Planctomycetales; Schlesneriaceae; Schlesneria,T1:T4,T4,
137.11,-2.797,4.71E-09,Gemmatimonadetes; Gemmatimonadetes; Gemmatimonadales; Gemmatimonadaceae; Gemmatimonas,T1:T4,T4,
308.92,-2.817,1.83E-18,Bacteroidetes; Bacteroidia; Chitinophagales; Chitinophagaceae; Ferruginibacter,T1:T4,T4,
24.94,-2.823,5.62E-08,Proteobacteria; Gammaproteobacteria; Betaproteobacteriales; Nitrosomonadaceae; Ellin6067,T1:T4,T4,
123.4,-2.878,2.22E-15,Actinobacteria; Thermoleophilia; Solirubrobacterales; Solirubrobacteraceae; Conexibacter,T1:T4,T4,
41.82,-2.897,1.52E-12,Proteobacteria; Alphaproteobacteria; Rhodobacterales; Rhodobacteraceae; Cereibacter,T1:T4,T4,
24.38,-2.962,3.98E-03,Bacteroidetes; Bacteroidia; Chitinophagales; Chitinophagaceae; Taibaiella,T1:T4,T4,*
12.74,-3.076,1.64E-04,Fibrobacteres; Fibrobacteria; Fibrobacterales; Fibrobacteraceae; possible_genus_04,T1:T4,T4,
49.39,-3.081,2.98E-06,Bacteroidetes; Bacteroidia; Cytophagales; Spirosomaceae; Larkinella,T1:T4,T4,
26.35,-3.163,1.08E-09,Proteobacteria; Gammaproteobacteria; Xanthomonadales; Xanthomonadaceae; Pseudoxanthomonas,T1:T4,T4,
115.81,-3.233,5.20E-10,Proteobacteria; Alphaproteobacteria; Rhizobiales; Xanthobacteraceae; Tardiphaga,T1:T4,T4,
51.11,-3.396,5.19E-05,Proteobacteria; Gammaproteobacteria; Cellvibrionales; Cellvibrionaceae; Cellvibrio,T1:T4,T4,
8.9,-3.43,1.59E-03,Proteobacteria; Alphaproteobacteria; Rhizobiales; Hyphomicrobiaceae; Hyphomicrobium,T1:T4,T4,
689.29,-3.474,5.07E-31,Proteobacteria; Gammaproteobacteria; Legionellales; Legionellaceae; Legionella,T1:T4,T4,
385.16,-3.488,2.13E-08,Proteobacteria; Gammaproteobacteria; Xanthomonadales; Xanthomonadaceae; Stenotrophomonas,T1:T4,T4,*
67.04,-3.606,4.05E-07,Proteobacteria; Gammaproteobacteria; Gammaproteobacteria_Incertae_Sedis; Unknown_Family; Candidatus_Berkiella,T1:T4,T4,
443.12,-3.642,1.27E-11,Proteobacteria; Alphaproteobacteria; Caulobacterales; Caulobacteraceae; Asticcacaulis,T1:T4,T4,
689.47,-3.666,8.67E-21,Proteobacteria; Gammaproteobacteria; Betaproteobacteriales; Methylophilaceae; Methylophilus,T1:T4,T4,
64.83,-3.697,1.20E-18,Proteobacteria; Alphaproteobacteria; Rhodobacterales; Rhodobacteraceae; Pseudorhodobacter,T1:T4,T4,
159.03,-3.721,1.22E-20,Chlamydiae; Chlamydiae; Chlamydiales; Parachlamydiaceae; Candidatus_Protochlamydia,T1:T4,T4,
75.34,-3.895,1.69E-21,Verrucomicrobia; Verrucomicrobiae; Verrucomicrobiales; Verrucomicrobiaceae; Roseimicrobium,T1:T4,T4,
531.58,-3.983,7.30E-39,Proteobacteria; Alphaproteobacteria; Rhizobiales; Rhizobiaceae; Shinella,T1:T4,T4,
6.84,-4.029,1.35E-03,Proteobacteria; Alphaproteobacteria; Rhizobiales; Xanthobacteraceae; Starkeya,T1:T4,T4,
5.86,-4.162,9.27E-09,Chlamydiae; Chlamydiae; Chlamydiales; Simkaniaceae; Candidatus_Rhabdochlamydia,T1:T4,T4,
11.57,-4.202,1.02E-08,Proteobacteria; Gammaproteobacteria; Oceanospirillales; Pseudohongiellaceae; BIyi10,T1:T4,T4,
140.72,-4.303,1.24E-30,Planctomycetes; Planctomycetacia; Pirellulales; Pirellulaceae; Pirellula,T1:T4,T4,
11.72,-4.334,6.90E-04,Proteobacteria; Gammaproteobacteria; Diplorickettsiales; Diplorickettsiaceae; Aquicella,T1:T4,T4,
2.35,-4.344,6.70E-03,Bacteroidetes; Bacteroidia; Cytophagales; Microscillaceae; OLB12,T1:T4,T4,*
48.02,-4.371,8.87E-24,Verrucomicrobia; Verrucomicrobiae; Chthoniobacterales; Terrimicrobiaceae; Terrimicrobium,T1:T4,T4,
102.48,-4.506,1.37E-08,Bacteroidetes; Bacteroidia; Flavobacteriales; Weeksellaceae; Chryseobacterium,T1:T4,T4,*
3.38,-4.589,3.68E-05,Bacteroidetes; Bacteroidia; Cytophagales; Microscillaceae; Ohtaekwangia,T1:T4,T4,
7.36,-4.602,8.03E-09,Acidobacteria; Blastocatellia_(Subgroup_4); Blastocatellales; Blastocatellaceae; Blastocatella,T1:T4,T4,
174.28,-4.694,8.08E-23,Verrucomicrobia; Verrucomicrobiae; Chthoniobacterales; Chthoniobacteraceae; Chthoniobacter,T1:T4,T4,
21.48,-4.902,5.21E-03,Proteobacteria; Gammaproteobacteria; Betaproteobacteriales; Methylophilaceae; UBA6140,T1:T4,T4,
29.12,-4.944,1.67E-12,Proteobacteria; Alphaproteobacteria; Sphingomonadales; Sphingomonadaceae; Ellin6055,T1:T4,T4,
44.22,-4.96,4.75E-22,Proteobacteria; Gammaproteobacteria; Coxiellales; Coxiellaceae; Coxiella,T1:T4,T4,
2.88,-4.988,4.05E-04,Proteobacteria; Alphaproteobacteria; Dongiales; Dongiaceae; Dongia,T1:T4,T4,
311.36,-5.004,1.10E-44,Chlamydiae; Chlamydiae; Chlamydiales; Parachlamydiaceae; Neochlamydia,T1:T4,T4,
57.08,-5.071,7.63E-17,Proteobacteria; Deltaproteobacteria; Myxococcales; Haliangiaceae; Haliangium,T1:T4,T4,
10.24,-5.073,5.08E-03,Proteobacteria; Gammaproteobacteria; Pseudomonadales; Moraxellaceae; Cavicella,T1:T4,T4,
441.7,-5.189,4.39E-30,Proteobacteria; Gammaproteobacteria; Betaproteobacteriales; Burkholderiaceae; Rhodoferax,T1:T4,T4,
7.29,-5.227,3.12E-06,Actinobacteria; Acidimicrobiia; Microtrichales; Ilumatobacteraceae; CL500-29_marine_group,T1:T4,T4,
65.04,-5.294,1.15E-24,Planctomycetes; Planctomycetacia; Gemmatales; Gemmataceae; Zavarzinella,T1:T4,T4,
3.39,-5.488,2.20E-04,Actinobacteria; Actinobacteria; Micromonosporales; Micromonosporaceae; Allocatelliglobosispora,T1:T4,T4,
72.27,-5.724,5.10E-12,Proteobacteria; Gammaproteobacteria; Salinisphaerales; Solimonadaceae; Nevskia,T1:T4,T4,
725.54,-5.743,4.75E-04,Proteobacteria; Alphaproteobacteria; Azospirillales; Azospirillaceae; Azospirillum,T1:T4,T4,
6.85,-5.878,2.18E-08,Proteobacteria; Alphaproteobacteria; Rhizobiales; Rhizobiales_Incertae_Sedis; Nordella,T1:T4,T4,
27.97,-5.909,3.08E-22,Proteobacteria; Gammaproteobacteria; Betaproteobacteriales; Nitrosomonadaceae; MND1,T1:T4,T4,
9.03,-5.931,7.68E-08,Bacteroidetes; Bacteroidia; Chitinophagales; Chitinophagaceae; Terrimonas,T1:T4,T4,
4.17,-6.142,1.06E-03,Proteobacteria; Gammaproteobacteria; Salinisphaerales; Solimonadaceae; Hydrocarboniphaga,T1:T4,T4,
12.07,-6.268,1.37E-09,Proteobacteria; Alphaproteobacteria; Paracaedibacterales; Paracaedibacteraceae; Candidatus_Captivus,T1:T4,T4,
8.12,-6.384,1.75E-15,Bacteroidetes; Bacteroidia; Chitinophagales; Chitinophagaceae; Sediminibacterium,T1:T4,T4,
9.65,-6.388,2.32E-09,Proteobacteria; Gammaproteobacteria; Betaproteobacteriales; Nitrosomonadaceae; IS-44,T1:T4,T4,
9.23,-6.564,1.37E-09,Acidobacteria; Acidobacteriia; Solibacterales; Solibacteraceae_(Subgroup_3); Paludibaculum,T1:T4,T4,
56.51,-6.631,3.22E-10,Proteobacteria; Gammaproteobacteria; Betaproteobacteriales; Methylophilaceae; Methylobacillus,T1:T4,T4,
8.43,-6.735,3.04E-11,Bacteroidetes; Bacteroidia; Chitinophagales; Chitinophagaceae; Heliimonas,T1:T4,T4,
4.57,-6.853,7.02E-03,Firmicutes; Clostridia; Clostridiales; Clostridiaceae_1; Clostridium_sensu_stricto_9,T1:T4,T4,*
10.26,-6.953,9.38E-15,Proteobacteria; Gammaproteobacteria; Salinisphaerales; Solimonadaceae; Panacagrimonas,T1:T4,T4,
283.75,-7.395,1.71E-43,Proteobacteria; Deltaproteobacteria; Bdellovibrionales; Bdellovibrionaceae; OM27_clade,T1:T4,T4,
82.04,-7.64,1.10E-44,Verrucomicrobia; Verrucomicrobiae; Opitutales; Opitutaceae; Lacunisphaera,T1:T4,T4,
48.56,-8.056,4.09E-42,Planctomycetes; Planctomycetacia; Planctomycetales; Rubinisphaeraceae; SH-PL14,T1:T4,T4,
35.01,-8.866,1.38E-27,Armatimonadetes; Fimbriimonadia; Fimbriimonadales; Fimbriimonadaceae; Fimbriimonas,T1:T4,T4,
333.79,-8.98,3.49E-19,Proteobacteria; Gammaproteobacteria; Betaproteobacteriales; Burkholderiaceae; Curvibacter,T1:T4,T4,
61.71,-10.312,8.39E-24,Proteobacteria; Gammaproteobacteria; Betaproteobacteriales; Burkholderiaceae; Pseudorhodoferax,T1:T4,T4,
1463.97,-10.667,2.18E-13,Firmicutes; Negativicutes; Selenomonadales; Veillonellaceae; Pelosinus,T1:T4,T4,
104.74,-11.045,9.63E-21,Bacteroidetes; Bacteroidia; Cytophagales; Spirosomaceae; Emticicia,T1:T4,T4,
682.82,-11.962,3.99E-28,Proteobacteria; Gammaproteobacteria; Betaproteobacteriales; Burkholderiaceae; Acidovorax,T1:T4,T4,
16.16,-21.483,3.99E-39,Proteobacteria; Alphaproteobacteria; Micropepsales; Micropepsaceae; Micropepsis,T1:T4,T4,
7.47,-22.118,6.56E-20,Firmicutes; Clostridia; Clostridiales; Clostridiaceae_1; Fonticella,T1:T4,T4,*
9.24,-22.855,3.76E-33,Verrucomicrobia; Verrucomicrobiae; Opitutales; Opitutaceae; IMCC26134,T1:T4,T4,
15.99,-24.944,5.14E-10,Firmicutes; Clostridia; Clostridiales; Peptococcaceae; Desulfosporosinus,T1:T4,T4,*
81.13,-25.85,1.02E-43,Proteobacteria; Deltaproteobacteria; Desulfuromonadales; Geobacteraceae; Geobacter,T1:T4,T4,
150.51,-26.425,4.83E-57,Firmicutes; Clostridia; Clostridiales; Clostridiaceae_1; Clostridium_sensu_stricto_1,T1:T4,T4,
14.01,3.59,5.47E-03,Proteobacteria; Alphaproteobacteria; Rickettsiales; Midichloriaceae; Candidatus_Jidaibacter,T2:T3,T2,*
6188.92,1.502,1.41E-08,Proteobacteria; Gammaproteobacteria; Salinisphaerales; Solimonadaceae; Alkanibacter,T2:T3,T2,
2028.92,1.341,1.75E-06,Bacteroidetes; Bacteroidia; Sphingobacteriales; Sphingobacteriaceae; Pedobacter,T2:T3,T2,
115.29,1.175,4.09E-07,Proteobacteria; Gammaproteobacteria; Betaproteobacteriales; Burkholderiaceae; Herbaspirillum,T2:T3,T2,
4946.91,0.638,4.57E-05,Bacteroidetes; Bacteroidia; Flavobacteriales; Flavobacteriaceae; Flavobacterium,T2:T3,T2,
9087.5,0.349,9.80E-03,Proteobacteria; Gammaproteobacteria; Pseudomonadales; Pseudomonadaceae; Pseudomonas,T2:T3,T2,
531.49,-0.4,4.87E-03,Proteobacteria; Gammaproteobacteria; Betaproteobacteriales; Burkholderiaceae; Variovorax,T2:T3,T3,
5339.91,-0.452,2.05E-03,Proteobacteria; Gammaproteobacteria; Betaproteobacteriales; Burkholderiaceae; Massilia,T2:T3,T3,
433.16,-0.649,2.64E-03,Bacteroidetes; Bacteroidia; Flavobacteriales; Crocinitomicaceae; Fluviicola,T2:T3,T3,*
1261.53,-0.682,9.52E-03,Firmicutes; Bacilli; Bacillales; Bacillaceae; Bacillus,T2:T3,T3,*
368.37,-0.814,9.28E-03,Proteobacteria; Alphaproteobacteria; Rhizobiales; Rhizobiaceae; Allorhizobium-Rhizobium,T2:T3,T3,
581.24,-0.888,2.06E-06,Bacteroidetes; Bacteroidia; Sphingobacteriales; Sphingobacteriaceae; Mucilaginibacter,T2:T3,T3,
3391.61,-0.915,5.80E-05,Firmicutes; Bacilli; Bacillales; Paenibacillaceae; Paenibacillus,T2:T3,T3,*
162.34,-0.921,5.88E-03,Proteobacteria; Gammaproteobacteria; Betaproteobacteriales; Burkholderiaceae; Achromobacter,T2:T3,T3,
269.55,-0.945,1.88E-04,Proteobacteria; Gammaproteobacteria; Betaproteobacteriales; Burkholderiaceae; Burkholderia,T2:T3,T3,
101.24,-0.966,5.63E-03,Proteobacteria; Alphaproteobacteria; Rhizobiales; Rhizobiaceae; Neorhizobium,T2:T3,T3,
1942.04,-1.02,9.29E-07,Proteobacteria; Alphaproteobacteria; Rhizobiales; Devosiaceae; Devosia,T2:T3,T3,
46.63,-1.06,1.14E-03,Acidobacteria; Acidobacteriia; Acidobacteriales; Acidobacteriaceae_(Subgroup_1); Granulicella,T2:T3,T3,*
64.83,-1.067,2.70E-03,Proteobacteria; Alphaproteobacteria; Rhodobacterales; Rhodobacteraceae; Pseudorhodobacter,T2:T3,T3,
258.34,-1.081,3.70E-05,Bacteroidetes; Bacteroidia; Cytophagales; Spirosomaceae; Spirosoma,T2:T3,T3,
82.88,-1.089,1.20E-03,Proteobacteria; Gammaproteobacteria; Betaproteobacteriales; Burkholderiaceae; Xylophilus,T2:T3,T3,
362.55,-1.13,1.10E-04,Proteobacteria; Alphaproteobacteria; Sphingomonadales; Sphingomonadaceae; Novosphingobium,T2:T3,T3,
41.82,-1.152,7.10E-04,Proteobacteria; Alphaproteobacteria; Rhodobacterales; Rhodobacteraceae; Cereibacter,T2:T3,T3,
285.85,-1.163,3.61E-03,Firmicutes; Bacilli; Bacillales; Paenibacillaceae; Cohnella,T2:T3,T3,
188.96,-1.176,1.16E-03,Proteobacteria; Alphaproteobacteria; Rhizobiales; Beijerinckiaceae; Methylorosula,T2:T3,T3,*
360.18,-1.193,7.03E-10,Proteobacteria; Gammaproteobacteria; Betaproteobacteriales; Burkholderiaceae; Caenimonas,T2:T3,T3,
443.12,-1.195,9.28E-03,Proteobacteria; Alphaproteobacteria; Caulobacterales; Caulobacteraceae; Asticcacaulis,T2:T3,T3,
144.91,-1.212,3.87E-09,Planctomycetes; Planctomycetacia; Isosphaerales; Isosphaeraceae; Singulisphaera,T2:T3,T3,*
53.29,-1.227,2.48E-06,Bacteroidetes; Bacteroidia; Chitinophagales; Chitinophagaceae; Parasegetibacter,T2:T3,T3,
70.2,-1.262,2.09E-05,Bacteroidetes; Bacteroidia; Chitinophagales; Chitinophagaceae; Flavitalea,T2:T3,T3,
365.61,-1.263,3.84E-13,Verrucomicrobia; Verrucomicrobiae; Opitutales; Opitutaceae; Opitutus,T2:T3,T3,
356.97,-1.267,8.56E-06,Actinobacteria; Actinobacteria; Corynebacteriales; Nocardiaceae; Rhodococcus,T2:T3,T3,
80.13,-1.276,2.46E-03,Proteobacteria; Gammaproteobacteria; Betaproteobacteriales; Burkholderiaceae; Ramlibacter,T2:T3,T3,
67.06,-1.299,2.05E-03,Actinobacteria; Acidimicrobiia; Microtrichales; Iamiaceae; Iamia,T2:T3,T3,
674.21,-1.359,1.94E-04,Firmicutes; Bacilli; Bacillales; Paenibacillaceae; Oxalophagus,T2:T3,T3,
43.51,-1.366,5.54E-03,Proteobacteria; Alphaproteobacteria; Rhizobiales; Beijerinckiaceae; Bosea,T2:T3,T3,
380.02,-1.424,2.06E-08,Verrucomicrobia; Verrucomicrobiae; Chthoniobacterales; Chthoniobacteraceae; Candidatus_Udaeobacter,T2:T3,T3,
11.57,-1.445,9.23E-03,Proteobacteria; Gammaproteobacteria; Oceanospirillales; Pseudohongiellaceae; BIyi10,T2:T3,T3,
648.65,-1.446,3.20E-12,Proteobacteria; Alphaproteobacteria; Rhizobiales; Rhizobiaceae; Aminobacter,T2:T3,T3,
31.54,-1.462,8.69E-04,Armatimonadetes; Chthonomonadetes; Chthonomonadales; Chthonomonadaceae; Chthonomonas,T2:T3,T3,
747.75,-1.514,5.01E-22,Proteobacteria; Alphaproteobacteria; Sphingomonadales; Sphingomonadaceae; Sphingomonas,T2:T3,T3,
253.44,-1.538,6.25E-10,Proteobacteria; Alphaproteobacteria; Sphingomonadales; Sphingomonadaceae; Altererythrobacter,T2:T3,T3,
5.86,-1.574,4.07E-03,Chlamydiae; Chlamydiae; Chlamydiales; Simkaniaceae; Candidatus_Rhabdochlamydia,T2:T3,T3,
689.29,-1.586,1.99E-10,Proteobacteria; Gammaproteobacteria; Legionellales; Legionellaceae; Legionella,T2:T3,T3,
252.69,-1.591,3.74E-05,Proteobacteria; Alphaproteobacteria; Caulobacterales; Caulobacteraceae; Phenylobacterium,T2:T3,T3,
214.32,-1.592,2.41E-14,Actinobacteria; Actinobacteria; Corynebacteriales; Mycobacteriaceae; Mycobacterium,T2:T3,T3,
121.36,-1.615,1.75E-03,Proteobacteria; Gammaproteobacteria; Betaproteobacteriales; Burkholderiaceae; Duganella,T2:T3,T3,
441.7,-1.637,1.71E-05,Proteobacteria; Gammaproteobacteria; Betaproteobacteriales; Burkholderiaceae; Rhodoferax,T2:T3,T3,
1156.47,-1.642,3.26E-13,Planctomycetes; Planctomycetacia; Planctomycetales; Schlesneriaceae; Schlesneria,T2:T3,T3,
531.58,-1.663,6.81E-11,Proteobacteria; Alphaproteobacteria; Rhizobiales; Rhizobiaceae; Shinella,T2:T3,T3,
120.58,-1.677,1.23E-06,Proteobacteria; Gammaproteobacteria; Xanthomonadales; Xanthomonadaceae; Luteimonas,T2:T3,T3,
37.3,-1.714,2.16E-10,Proteobacteria; Gammaproteobacteria; Xanthomonadales; Xanthomonadaceae; Arenimonas,T2:T3,T3,
75.73,-1.716,1.88E-04,Acidobacteria; Blastocatellia_(Subgroup_4); Pyrinomonadales; Pyrinomonadaceae; RB41,T2:T3,T3,
75.15,-1.731,1.91E-05,Proteobacteria; Alphaproteobacteria; Rhizobiales; Beijerinckiaceae; Methylobacterium,T2:T3,T3,
137.11,-1.785,5.37E-06,Gemmatimonadetes; Gemmatimonadetes; Gemmatimonadales; Gemmatimonadaceae; Gemmatimonas,T2:T3,T3,
7.96,-1.829,1.18E-05,Acidobacteria; Blastocatellia_(Subgroup_4); Blastocatellales; Blastocatellaceae; JGI_0001001-H03,T2:T3,T3,
130.88,-1.845,2.63E-13,Acidobacteria; Acidobacteriia; Solibacterales; Solibacteraceae_(Subgroup_3); Bryobacter,T2:T3,T3,
27.53,-1.877,2.00E-03,Actinobacteria; Thermoleophilia; Gaiellales; Gaiellaceae; Gaiella,T2:T3,T3,*
24.94,-1.884,9.16E-06,Proteobacteria; Gammaproteobacteria; Betaproteobacteriales; Nitrosomonadaceae; Ellin6067,T2:T3,T3,
159.03,-1.887,1.12E-08,Chlamydiae; Chlamydiae; Chlamydiales; Parachlamydiaceae; Candidatus_Protochlamydia,T2:T3,T3,
84.5,-1.9,2.47E-09,Proteobacteria; Alphaproteobacteria; Rhizobiales; Rhizobiaceae; Mesorhizobium,T2:T3,T3,
130.17,-1.924,6.01E-07,Proteobacteria; Alphaproteobacteria; Sphingomonadales; Sphingomonadaceae; Sphingobium,T2:T3,T3,
48.02,-1.947,2.47E-08,Verrucomicrobia; Verrucomicrobiae; Chthoniobacterales; Terrimicrobiaceae; Terrimicrobium,T2:T3,T3,
35.94,-1.95,3.56E-06,Proteobacteria; Alphaproteobacteria; Sphingomonadales; Sphingomonadaceae; Porphyrobacter,T2:T3,T3,
11.06,-2.044,3.84E-07,Proteobacteria; Gammaproteobacteria; Gammaproteobacteria_Incertae_Sedis; Unknown_Family; Acidibacter,T2:T3,T3,
123.4,-2.048,5.32E-12,Actinobacteria; Thermoleophilia; Solirubrobacterales; Solirubrobacteraceae; Conexibacter,T2:T3,T3,
144.53,-2.079,7.71E-09,Proteobacteria; Alphaproteobacteria; Rhizobiales; Xanthobacteraceae; Bradyrhizobium,T2:T3,T3,
76.14,-2.102,5.10E-05,Proteobacteria; Alphaproteobacteria; Rhizobiales; Xanthobacteraceae; Afipia,T2:T3,T3,
6.82,-2.107,3.44E-03,Firmicutes; Bacilli; Bacillales; Alicyclobacillaceae; Alicyclobacillus,T2:T3,T3,*
26.22,-2.118,7.25E-04,Proteobacteria; Deltaproteobacteria; Myxococcales; Archangiaceae; Anaeromyxobacter,T2:T3,T3,
54.46,-2.132,1.85E-11,Proteobacteria; Alphaproteobacteria; Acetobacterales; Acetobacteraceae; Rhodovastum,T2:T3,T3,
311.36,-2.149,2.63E-13,Chlamydiae; Chlamydiae; Chlamydiales; Parachlamydiaceae; Neochlamydia,T2:T3,T3,
467.13,-2.156,4.72E-07,Proteobacteria; Gammaproteobacteria; Betaproteobacteriales; Burkholderiaceae; Janthinobacterium,T2:T3,T3,
12.07,-2.19,5.63E-03,Proteobacteria; Alphaproteobacteria; Paracaedibacterales; Paracaedibacteraceae; Candidatus_Captivus,T2:T3,T3,
174.28,-2.193,2.47E-08,Verrucomicrobia; Verrucomicrobiae; Chthoniobacterales; Chthoniobacteraceae; Chthoniobacter,T2:T3,T3,
61.71,-2.214,5.28E-03,Proteobacteria; Gammaproteobacteria; Betaproteobacteriales; Burkholderiaceae; Pseudorhodoferax,T2:T3,T3,
108.5,-2.254,2.27E-12,Planctomycetes; Planctomycetacia; Gemmatales; Gemmataceae; Gemmata,T2:T3,T3,
8.23,-2.295,3.48E-03,Actinobacteria; Actinobacteria; Frankiales; Acidothermaceae; Acidothermus,T2:T3,T3,
42.42,-2.302,5.88E-06,Proteobacteria; Alphaproteobacteria; Rhizobiales; Xanthobacteraceae; Rhodopseudomonas,T2:T3,T3,
12.74,-2.327,2.91E-04,Fibrobacteres; Fibrobacteria; Fibrobacterales; Fibrobacteraceae; possible_genus_04,T2:T3,T3,
15.59,-2.357,1.16E-04,Verrucomicrobia; Verrucomicrobiae; Chthoniobacterales; Xiphinematobacteraceae; Candidatus_Xiphinematobacter,T2:T3,T3,
65.04,-2.363,7.60E-09,Planctomycetes; Planctomycetacia; Gemmatales; Gemmataceae; Zavarzinella,T2:T3,T3,
8.12,-2.376,2.70E-05,Bacteroidetes; Bacteroidia; Chitinophagales; Chitinophagaceae; Sediminibacterium,T2:T3,T3,
17.15,-2.514,3.44E-03,Acidobacteria; Thermoanaerobaculia; Thermoanaerobaculales; Thermoanaerobaculaceae; Subgroup_10,T2:T3,T3,*
75.34,-2.566,7.59E-15,Verrucomicrobia; Verrucomicrobiae; Verrucomicrobiales; Verrucomicrobiaceae; Roseimicrobium,T2:T3,T3,
11.96,-2.585,1.14E-03,Proteobacteria; Alphaproteobacteria; Rhizobiales; Beijerinckiaceae; Microvirga,T2:T3,T3,*
48.56,-2.609,1.37E-15,Planctomycetes; Planctomycetacia; Planctomycetales; Rubinisphaeraceae; SH-PL14,T2:T3,T3,
44.22,-2.621,1.02E-10,Proteobacteria; Gammaproteobacteria; Coxiellales; Coxiellaceae; Coxiella,T2:T3,T3,
11.39,-2.623,1.63E-05,Planctomycetes; Planctomycetacia; Gemmatales; Gemmataceae; Fimbriiglobus,T2:T3,T3,
91.13,-2.658,3.25E-08,Proteobacteria; Alphaproteobacteria; Rhizobiales; Xanthobacteraceae; Pseudolabrys,T2:T3,T3,
10.54,-2.712,6.30E-05,Proteobacteria; Alphaproteobacteria; Rhizobiales; Labraceae; Labrys,T2:T3,T3,
29.12,-2.78,6.32E-07,Proteobacteria; Alphaproteobacteria; Sphingomonadales; Sphingomonadaceae; Ellin6055,T2:T3,T3,
27.97,-2.795,1.01E-09,Proteobacteria; Gammaproteobacteria; Betaproteobacteriales; Nitrosomonadaceae; MND1,T2:T3,T3,
215.42,-2.809,2.60E-22,Proteobacteria; Alphaproteobacteria; Reyranellales; Reyranellaceae; Reyranella,T2:T3,T3,
140.72,-2.868,2.53E-21,Planctomycetes; Planctomycetacia; Pirellulales; Pirellulaceae; Pirellula,T2:T3,T3,
104.74,-2.92,1.86E-03,Bacteroidetes; Bacteroidia; Cytophagales; Spirosomaceae; Emticicia,T2:T3,T3,
7.36,-2.947,6.32E-07,Acidobacteria; Blastocatellia_(Subgroup_4); Blastocatellales; Blastocatellaceae; Blastocatella,T2:T3,T3,
35.01,-2.981,1.91E-07,Armatimonadetes; Fimbriimonadia; Fimbriimonadales; Fimbriimonadaceae; Fimbriimonas,T2:T3,T3,
2.35,-3.118,9.59E-04,Proteobacteria; Gammaproteobacteria; Betaproteobacteriales; Nitrosomonadaceae; mle1-7,T2:T3,T3,*
3.45,-3.123,2.91E-04,Proteobacteria; Gammaproteobacteria; Steroidobacterales; Steroidobacteraceae; Steroidobacter,T2:T3,T3,
2.94,-3.142,4.69E-03,Acidobacteria; Acidobacteriia; Acidobacteriales; Acidobacteriaceae_(Subgroup_1); Occallatibacter,T2:T3,T3,*
283.75,-3.157,1.26E-13,Proteobacteria; Deltaproteobacteria; Bdellovibrionales; Bdellovibrionaceae; OM27_clade,T2:T3,T3,
2.88,-3.339,3.68E-03,Proteobacteria; Alphaproteobacteria; Dongiales; Dongiaceae; Dongia,T2:T3,T3,
6.84,-3.343,8.19E-04,Proteobacteria; Alphaproteobacteria; Rhizobiales; Xanthobacteraceae; Starkeya,T2:T3,T3,
3.59,-3.402,3.48E-03,Proteobacteria; Deltaproteobacteria; Myxococcales; Polyangiaceae; Pajaroellobacter,T2:T3,T3,
82.04,-3.499,3.09E-21,Verrucomicrobia; Verrucomicrobiae; Opitutales; Opitutaceae; Lacunisphaera,T2:T3,T3,
11.52,-3.607,2.39E-03,Proteobacteria; Gammaproteobacteria; Betaproteobacteriales; Burkholderiaceae; Rhizobacter,T2:T3,T3,
21.47,-3.658,2.07E-07,Proteobacteria; Alphaproteobacteria; Rhizobiales; Xanthobacteraceae; Rhodoplanes,T2:T3,T3,
682.82,-3.851,8.08E-06,Proteobacteria; Gammaproteobacteria; Betaproteobacteriales; Burkholderiaceae; Acidovorax,T2:T3,T3,
13.74,-3.915,1.92E-07,Planctomycetes; Planctomycetacia; Pirellulales; Pirellulaceae; Pir4_lineage,T2:T3,T3,
1.67,-4.057,1.75E-03,Proteobacteria; Alphaproteobacteria; Sphingomonadales; Sphingomonadaceae; Plot4-2H12,T2:T3,T3,
9.03,-4.158,1.81E-06,Bacteroidetes; Bacteroidia; Chitinophagales; Chitinophagaceae; Terrimonas,T2:T3,T3,
333.79,-4.172,3.84E-07,Proteobacteria; Gammaproteobacteria; Betaproteobacteriales; Burkholderiaceae; Curvibacter,T2:T3,T3,
3.38,-4.185,2.20E-06,Bacteroidetes; Bacteroidia; Cytophagales; Microscillaceae; Ohtaekwangia,T2:T3,T3,
9.23,-4.221,4.69E-07,Acidobacteria; Acidobacteriia; Solibacterales; Solibacteraceae_(Subgroup_3); Paludibaculum,T2:T3,T3,
57.08,-4.282,2.96E-18,Proteobacteria; Deltaproteobacteria; Myxococcales; Haliangiaceae; Haliangium,T2:T3,T3,
16.16,-4.55,8.64E-04,Proteobacteria; Alphaproteobacteria; Micropepsales; Micropepsaceae; Micropepsis,T2:T3,T3,
6.85,-4.726,1.57E-08,Proteobacteria; Alphaproteobacteria; Rhizobiales; Rhizobiales_Incertae_Sedis; Nordella,T2:T3,T3,
8.9,-5.086,1.93E-08,Proteobacteria; Alphaproteobacteria; Rhizobiales; Hyphomicrobiaceae; Hyphomicrobium,T2:T3,T3,
6.56,-5.454,2.52E-07,Proteobacteria; Alphaproteobacteria; Rhizobiales; Rhizobiales_Incertae_Sedis; Bauldia,T2:T3,T3,
9.65,-5.506,1.81E-10,Proteobacteria; Gammaproteobacteria; Betaproteobacteriales; Nitrosomonadaceae; IS-44,T2:T3,T3,
81.13,-5.579,3.53E-04,Proteobacteria; Deltaproteobacteria; Desulfuromonadales; Geobacteraceae; Geobacter,T2:T3,T3,
1463.97,-5.704,1.93E-06,Firmicutes; Negativicutes; Selenomonadales; Veillonellaceae; Pelosinus,T2:T3,T3,
9.24,-5.865,2.88E-04,Verrucomicrobia; Verrucomicrobiae; Opitutales; Opitutaceae; IMCC26134,T2:T3,T3,
11.72,-6.023,8.15E-09,Proteobacteria; Gammaproteobacteria; Diplorickettsiales; Diplorickettsiaceae; Aquicella,T2:T3,T3,
725.54,-7.306,2.47E-08,Proteobacteria; Alphaproteobacteria; Azospirillales; Azospirillaceae; Azospirillum,T2:T3,T3,
150.51,-10.912,1.87E-15,Firmicutes; Clostridia; Clostridiales; Clostridiaceae_1; Clostridium_sensu_stricto_1,T2:T3,T3,
6188.92,2.408,1.04E-18,Proteobacteria; Gammaproteobacteria; Salinisphaerales; Solimonadaceae; Alkanibacter,T2:T4,T2,
121.11,1.887,1.28E-05,Proteobacteria; Gammaproteobacteria; Pseudomonadales; Moraxellaceae; Alkanindiges,T2:T4,T2,
9087.5,-0.432,2.13E-03,Proteobacteria; Gammaproteobacteria; Pseudomonadales; Pseudomonadaceae; Pseudomonas,T2:T4,T4,
269.55,-0.707,9.99E-03,Proteobacteria; Gammaproteobacteria; Betaproteobacteriales; Burkholderiaceae; Burkholderia,T2:T4,T4,
365.61,-0.823,7.29E-06,Verrucomicrobia; Verrucomicrobiae; Opitutales; Opitutaceae; Opitutus,T2:T4,T4,
531.49,-0.841,3.89E-09,Proteobacteria; Gammaproteobacteria; Betaproteobacteriales; Burkholderiaceae; Variovorax,T2:T4,T4,
581.24,-0.902,3.75E-06,Bacteroidetes; Bacteroidia; Sphingobacteriales; Sphingobacteriaceae; Mucilaginibacter,T2:T4,T4,
99.62,-0.94,8.09E-04,Proteobacteria; Gammaproteobacteria; Betaproteobacteriales; Burkholderiaceae; Polaromonas,T2:T4,T4,
135.28,-0.955,2.61E-04,Proteobacteria; Deltaproteobacteria; Bdellovibrionales; Bacteriovoracaceae; Bacteriovorax,T2:T4,T4,
37.98,-0.991,3.80E-03,Actinobacteria; Actinobacteria; Micrococcales; Intrasporangiaceae; Phycicoccus,T2:T4,T4,
1942.04,-1.114,2.42E-07,Proteobacteria; Alphaproteobacteria; Rhizobiales; Devosiaceae; Devosia,T2:T4,T4,
1156.47,-1.182,5.54E-07,Planctomycetes; Planctomycetacia; Planctomycetales; Schlesneriaceae; Schlesneria,T2:T4,T4,
140.45,-1.233,2.76E-03,Proteobacteria; Alphaproteobacteria; Caulobacterales; Caulobacteraceae; Brevundimonas,T2:T4,T4,
380.02,-1.237,3.15E-06,Verrucomicrobia; Verrucomicrobiae; Chthoniobacterales; Chthoniobacteraceae; Candidatus_Udaeobacter,T2:T4,T4,
21.88,-1.238,1.84E-03,Actinobacteria; Actinobacteria; Micrococcales; Intrasporangiaceae; Knoellia,T2:T4,T4,
113.12,-1.27,4.96E-03,Proteobacteria; Gammaproteobacteria; Betaproteobacteriales; Methylophilaceae; Methylotenera,T2:T4,T4,*
80.13,-1.295,3.63E-03,Proteobacteria; Gammaproteobacteria; Betaproteobacteriales; Burkholderiaceae; Ramlibacter,T2:T4,T4,
360.18,-1.319,4.78E-11,Proteobacteria; Gammaproteobacteria; Betaproteobacteriales; Burkholderiaceae; Caenimonas,T2:T4,T4,
82.88,-1.358,8.73E-05,Proteobacteria; Gammaproteobacteria; Betaproteobacteriales; Burkholderiaceae; Xylophilus,T2:T4,T4,
41.82,-1.36,1.03E-04,Proteobacteria; Alphaproteobacteria; Rhodobacterales; Rhodobacteraceae; Cereibacter,T2:T4,T4,
648.65,-1.392,1.09E-10,Proteobacteria; Alphaproteobacteria; Rhizobiales; Rhizobiaceae; Aminobacter,T2:T4,T4,
308.92,-1.403,4.25E-07,Bacteroidetes; Bacteroidia; Chitinophagales; Chitinophagaceae; Ferruginibacter,T2:T4,T4,
31.54,-1.431,2.00E-03,Armatimonadetes; Chthonomonadetes; Chthonomonadales; Chthonomonadaceae; Chthonomonas,T2:T4,T4,
214.32,-1.471,1.26E-11,Actinobacteria; Actinobacteria; Corynebacteriales; Mycobacteriaceae; Mycobacterium,T2:T4,T4,
162.34,-1.477,1.35E-05,Proteobacteria; Gammaproteobacteria; Betaproteobacteriales; Burkholderiaceae; Achromobacter,T2:T4,T4,
689.47,-1.489,1.27E-05,Proteobacteria; Gammaproteobacteria; Betaproteobacteriales; Methylophilaceae; Methylophilus,T2:T4,T4,
747.75,-1.5,3.70E-20,Proteobacteria; Alphaproteobacteria; Sphingomonadales; Sphingomonadaceae; Sphingomonas,T2:T4,T4,
75.73,-1.537,1.62E-03,Acidobacteria; Blastocatellia_(Subgroup_4); Pyrinomonadales; Pyrinomonadaceae; RB41,T2:T4,T4,
115.81,-1.589,4.73E-04,Proteobacteria; Alphaproteobacteria; Rhizobiales; Xanthobacteraceae; Tardiphaga,T2:T4,T4,
49.39,-1.623,4.96E-03,Bacteroidetes; Bacteroidia; Cytophagales; Spirosomaceae; Larkinella,T2:T4,T4,
258.34,-1.656,6.76E-10,Bacteroidetes; Bacteroidia; Cytophagales; Spirosomaceae; Spirosoma,T2:T4,T4,
253.44,-1.665,9.94E-11,Proteobacteria; Alphaproteobacteria; Sphingomonadales; Sphingomonadaceae; Altererythrobacter,T2:T4,T4,
37.3,-1.69,1.71E-09,Proteobacteria; Gammaproteobacteria; Xanthomonadales; Xanthomonadaceae; Arenimonas,T2:T4,T4,
11.06,-1.716,5.19E-05,Proteobacteria; Gammaproteobacteria; Gammaproteobacteria_Incertae_Sedis; Unknown_Family; Acidibacter,T2:T4,T4,
130.88,-1.738,3.68E-11,Acidobacteria; Acidobacteriia; Solibacterales; Solibacteraceae_(Subgroup_3); Bryobacter,T2:T4,T4,
362.55,-1.75,4.72E-09,Proteobacteria; Alphaproteobacteria; Sphingomonadales; Sphingomonadaceae; Novosphingobium,T2:T4,T4,
123.4,-1.759,1.42E-08,Actinobacteria; Thermoleophilia; Solirubrobacterales; Solirubrobacteraceae; Conexibacter,T2:T4,T4,
43.51,-1.766,5.35E-04,Proteobacteria; Alphaproteobacteria; Rhizobiales; Beijerinckiaceae; Bosea,T2:T4,T4,
42.42,-1.786,1.02E-03,Proteobacteria; Alphaproteobacteria; Rhizobiales; Xanthobacteraceae; Rhodopseudomonas,T2:T4,T4,
356.97,-1.838,3.62E-10,Actinobacteria; Actinobacteria; Corynebacteriales; Nocardiaceae; Rhodococcus,T2:T4,T4,
137.11,-1.842,6.52E-06,Gemmatimonadetes; Gemmatimonadetes; Gemmatimonadales; Gemmatimonadaceae; Gemmatimonas,T2:T4,T4,
108.5,-1.857,3.12E-08,Planctomycetes; Planctomycetacia; Gemmatales; Gemmataceae; Gemmata,T2:T4,T4,
120.58,-1.876,1.67E-07,Proteobacteria; Gammaproteobacteria; Xanthomonadales; Xanthomonadaceae; Luteimonas,T2:T4,T4,
101.24,-2.005,1.12E-08,Proteobacteria; Alphaproteobacteria; Rhizobiales; Rhizobiaceae; Neorhizobium,T2:T4,T4,
27.46,-2.011,9.49E-03,Actinobacteria; Actinobacteria; Micrococcales; Microbacteriaceae; Microbacterium,T2:T4,T4,*
7.96,-2.022,2.90E-06,Acidobacteria; Blastocatellia_(Subgroup_4); Blastocatellales; Blastocatellaceae; JGI_0001001-H03,T2:T4,T4,
144.53,-2.039,4.73E-08,Proteobacteria; Alphaproteobacteria; Rhizobiales; Xanthobacteraceae; Bradyrhizobium,T2:T4,T4,
689.29,-2.05,1.61E-15,Proteobacteria; Gammaproteobacteria; Legionellales; Legionellaceae; Legionella,T2:T4,T4,
5.86,-2.053,2.64E-04,Chlamydiae; Chlamydiae; Chlamydiales; Simkaniaceae; Candidatus_Rhabdochlamydia,T2:T4,T4,
35.94,-2.055,2.66E-06,Proteobacteria; Alphaproteobacteria; Sphingomonadales; Sphingomonadaceae; Porphyrobacter,T2:T4,T4,
75.15,-2.063,8.08E-07,Proteobacteria; Alphaproteobacteria; Rhizobiales; Beijerinckiaceae; Methylobacterium,T2:T4,T4,
8.12,-2.083,5.32E-04,Bacteroidetes; Bacteroidia; Chitinophagales; Chitinophagaceae; Sediminibacterium,T2:T4,T4,
26.35,-2.085,2.04E-06,Proteobacteria; Gammaproteobacteria; Xanthomonadales; Xanthomonadaceae; Pseudoxanthomonas,T2:T4,T4,
15.59,-2.091,1.29E-03,Verrucomicrobia; Verrucomicrobiae; Chthoniobacterales; Xiphinematobacteraceae; Candidatus_Xiphinematobacter,T2:T4,T4,
159.03,-2.117,5.50E-10,Chlamydiae; Chlamydiae; Chlamydiales; Parachlamydiaceae; Candidatus_Protochlamydia,T2:T4,T4,
10.54,-2.12,3.69E-03,Proteobacteria; Alphaproteobacteria; Rhizobiales; Labraceae; Labrys,T2:T4,T4,
75.34,-2.141,4.68E-10,Verrucomicrobia; Verrucomicrobiae; Verrucomicrobiales; Verrucomicrobiaceae; Roseimicrobium,T2:T4,T4,
84.5,-2.165,4.97E-11,Proteobacteria; Alphaproteobacteria; Rhizobiales; Rhizobiaceae; Mesorhizobium,T2:T4,T4,
76.14,-2.185,5.37E-05,Proteobacteria; Alphaproteobacteria; Rhizobiales; Xanthobacteraceae; Afipia,T2:T4,T4,
130.17,-2.306,7.59E-09,Proteobacteria; Alphaproteobacteria; Sphingomonadales; Sphingomonadaceae; Sphingobium,T2:T4,T4,
54.46,-2.323,1.92E-12,Proteobacteria; Alphaproteobacteria; Acetobacterales; Acetobacteraceae; Rhodovastum,T2:T4,T4,
121.36,-2.339,8.13E-06,Proteobacteria; Gammaproteobacteria; Betaproteobacteriales; Burkholderiaceae; Duganella,T2:T4,T4,
24.94,-2.363,6.94E-08,Proteobacteria; Gammaproteobacteria; Betaproteobacteriales; Nitrosomonadaceae; Ellin6067,T2:T4,T4,
64.83,-2.377,2.67E-11,Proteobacteria; Alphaproteobacteria; Rhodobacterales; Rhodobacteraceae; Pseudorhodobacter,T2:T4,T4,
65.04,-2.383,1.90E-08,Planctomycetes; Planctomycetacia; Gemmatales; Gemmataceae; Zavarzinella,T2:T4,T4,
368.37,-2.391,1.47E-14,Proteobacteria; Alphaproteobacteria; Rhizobiales; Rhizobiaceae; Allorhizobium-Rhizobium,T2:T4,T4,
3.45,-2.417,9.91E-03,Proteobacteria; Gammaproteobacteria; Steroidobacterales; Steroidobacteraceae; Steroidobacter,T2:T4,T4,
441.7,-2.441,4.41E-10,Proteobacteria; Gammaproteobacteria; Betaproteobacteriales; Burkholderiaceae; Rhodoferax,T2:T4,T4,
48.02,-2.516,3.48E-12,Verrucomicrobia; Verrucomicrobiae; Chthoniobacterales; Terrimicrobiaceae; Terrimicrobium,T2:T4,T4,
91.13,-2.554,3.50E-07,Proteobacteria; Alphaproteobacteria; Rhizobiales; Xanthobacteraceae; Pseudolabrys,T2:T4,T4,
14.71,-2.57,1.26E-03,Proteobacteria; Alphaproteobacteria; Rhizobiales; Rhizobiales_Incertae_Sedis; Alsobacter,T2:T4,T4,*
215.42,-2.591,4.62E-18,Proteobacteria; Alphaproteobacteria; Reyranellales; Reyranellaceae; Reyranella,T2:T4,T4,
48.56,-2.613,1.09E-14,Planctomycetes; Planctomycetacia; Planctomycetales; Rubinisphaeraceae; SH-PL14,T2:T4,T4,
140.72,-2.624,7.99E-17,Planctomycetes; Planctomycetacia; Pirellulales; Pirellulaceae; Pirellula,T2:T4,T4,
44.22,-2.733,7.75E-11,Proteobacteria; Gammaproteobacteria; Coxiellales; Coxiellaceae; Coxiella,T2:T4,T4,
11.39,-2.783,1.05E-05,Planctomycetes; Planctomycetacia; Gemmatales; Gemmataceae; Fimbriiglobus,T2:T4,T4,
174.28,-2.788,7.68E-12,Verrucomicrobia; Verrucomicrobiae; Chthoniobacterales; Chthoniobacteraceae; Chthoniobacter,T2:T4,T4,
102.48,-2.841,3.01E-05,Bacteroidetes; Bacteroidia; Flavobacteriales; Weeksellaceae; Chryseobacterium,T2:T4,T4,*
443.12,-2.849,5.06E-10,Proteobacteria; Alphaproteobacteria; Caulobacterales; Caulobacteraceae; Asticcacaulis,T2:T4,T4,
7.36,-2.918,2.14E-06,Acidobacteria; Blastocatellia_(Subgroup_4); Blastocatellales; Blastocatellaceae; Blastocatella,T2:T4,T4,
531.58,-2.953,9.80E-30,Proteobacteria; Alphaproteobacteria; Rhizobiales; Rhizobiaceae; Shinella,T2:T4,T4,
29.12,-3.086,9.49E-08,Proteobacteria; Alphaproteobacteria; Sphingomonadales; Sphingomonadaceae; Ellin6055,T2:T4,T4,
311.36,-3.161,1.35E-25,Chlamydiae; Chlamydiae; Chlamydiales; Parachlamydiaceae; Neochlamydia,T2:T4,T4,
6.84,-3.234,2.09E-03,Proteobacteria; Alphaproteobacteria; Rhizobiales; Xanthobacteraceae; Starkeya,T2:T4,T4,
283.75,-3.263,1.60E-13,Proteobacteria; Deltaproteobacteria; Bdellovibrionales; Bdellovibrionaceae; OM27_clade,T2:T4,T4,
35.01,-3.263,3.42E-08,Armatimonadetes; Fimbriimonadia; Fimbriimonadales; Fimbriimonadaceae; Fimbriimonas,T2:T4,T4,
21.47,-3.312,6.54E-06,Proteobacteria; Alphaproteobacteria; Rhizobiales; Xanthobacteraceae; Rhodoplanes,T2:T4,T4,
27.97,-3.404,6.51E-13,Proteobacteria; Gammaproteobacteria; Betaproteobacteriales; Nitrosomonadaceae; MND1,T2:T4,T4,
3.59,-3.489,4.49E-03,Proteobacteria; Deltaproteobacteria; Myxococcales; Polyangiaceae; Pajaroellobacter,T2:T4,T4,
467.13,-3.594,2.83E-16,Proteobacteria; Gammaproteobacteria; Betaproteobacteriales; Burkholderiaceae; Janthinobacterium,T2:T4,T4,
385.16,-3.702,2.54E-12,Proteobacteria; Gammaproteobacteria; Xanthomonadales; Xanthomonadaceae; Stenotrophomonas,T2:T4,T4,*
9.23,-3.759,1.69E-05,Acidobacteria; Acidobacteriia; Solibacterales; Solibacteraceae_(Subgroup_3); Paludibaculum,T2:T4,T4,
1.67,-3.761,6.36E-03,Proteobacteria; Alphaproteobacteria; Sphingomonadales; Sphingomonadaceae; Plot4-2H12,T2:T4,T4,
82.04,-3.773,9.80E-23,Verrucomicrobia; Verrucomicrobiae; Opitutales; Opitutaceae; Lacunisphaera,T2:T4,T4,
2.35,-3.98,3.10E-03,Bacteroidetes; Bacteroidia; Cytophagales; Microscillaceae; OLB12,T2:T4,T4,*
13.74,-4.185,6.94E-08,Planctomycetes; Planctomycetacia; Pirellulales; Pirellulaceae; Pir4_lineage,T2:T4,T4,
61.71,-4.219,1.25E-07,Proteobacteria; Gammaproteobacteria; Betaproteobacteriales; Burkholderiaceae; Pseudorhodoferax,T2:T4,T4,
11.52,-4.221,6.10E-04,Proteobacteria; Gammaproteobacteria; Betaproteobacteriales; Burkholderiaceae; Rhizobacter,T2:T4,T4,
57.08,-4.292,3.95E-17,Proteobacteria; Deltaproteobacteria; Myxococcales; Haliangiaceae; Haliangium,T2:T4,T4,
6.85,-4.504,1.95E-07,Proteobacteria; Alphaproteobacteria; Rhizobiales; Rhizobiales_Incertae_Sedis; Nordella,T2:T4,T4,
3.38,-4.518,7.27E-07,Bacteroidetes; Bacteroidia; Cytophagales; Microscillaceae; Ohtaekwangia,T2:T4,T4,
2.88,-4.557,9.97E-05,Proteobacteria; Alphaproteobacteria; Dongiales; Dongiaceae; Dongia,T2:T4,T4,
104.74,-4.718,6.52E-07,Bacteroidetes; Bacteroidia; Cytophagales; Spirosomaceae; Emticicia,T2:T4,T4,
6.56,-4.837,1.12E-05,Proteobacteria; Alphaproteobacteria; Rhizobiales; Rhizobiales_Incertae_Sedis; Bauldia,T2:T4,T4,
9.03,-4.975,2.94E-08,Bacteroidetes; Bacteroidia; Chitinophagales; Chitinophagaceae; Terrimonas,T2:T4,T4,
8.9,-5.385,8.12E-09,Proteobacteria; Alphaproteobacteria; Rhizobiales; Hyphomicrobiaceae; Hyphomicrobium,T2:T4,T4,
333.79,-5.911,3.25E-12,Proteobacteria; Gammaproteobacteria; Betaproteobacteriales; Burkholderiaceae; Curvibacter,T2:T4,T4,
11.72,-5.971,3.20E-08,Proteobacteria; Gammaproteobacteria; Diplorickettsiales; Diplorickettsiaceae; Aquicella,T2:T4,T4,
5.76,-6,1.33E-04,Actinobacteria; Actinobacteria; Micrococcales; Cellulomonadaceae; Cellulomonas,T2:T4,T4,*
9.65,-6.099,6.66E-12,Proteobacteria; Gammaproteobacteria; Betaproteobacteriales; Nitrosomonadaceae; IS-44,T2:T4,T4,
682.82,-7.429,3.95E-17,Proteobacteria; Gammaproteobacteria; Betaproteobacteriales; Burkholderiaceae; Acidovorax,T2:T4,T4,
1463.97,-8.035,7.75E-11,Firmicutes; Negativicutes; Selenomonadales; Veillonellaceae; Pelosinus,T2:T4,T4,
81.13,-8.232,2.34E-07,Proteobacteria; Deltaproteobacteria; Desulfuromonadales; Geobacteraceae; Geobacter,T2:T4,T4,
9.24,-8.331,4.16E-07,Verrucomicrobia; Verrucomicrobiae; Opitutales; Opitutaceae; IMCC26134,T2:T4,T4,
725.54,-9.433,3.63E-12,Proteobacteria; Alphaproteobacteria; Azospirillales; Azospirillaceae; Azospirillum,T2:T4,T4,
150.51,-12.169,9.06E-18,Firmicutes; Clostridia; Clostridiales; Clostridiaceae_1; Clostridium_sensu_stricto_1,T2:T4,T4,
7.47,-26.846,1.66E-39,Firmicutes; Clostridia; Clostridiales; Clostridiaceae_1; Fonticella,T2:T4,T4,*
15.99,-34.412,1.55E-24,Firmicutes; Clostridia; Clostridiales; Peptococcaceae; Desulfosporosinus,T2:T4,T4,*
121.11,1.561,1.31E-03,Proteobacteria; Gammaproteobacteria; Pseudomonadales; Moraxellaceae; Alkanindiges,T3:T4,T3,
285.85,1.227,8.27E-03,Firmicutes; Bacilli; Bacillales; Paenibacillaceae; Cohnella,T3:T4,T3,
674.21,1.207,4.20E-03,Firmicutes; Bacilli; Bacillales; Paenibacillaceae; Oxalophagus,T3:T4,T3,
3391.61,1.029,4.55E-05,Firmicutes; Bacilli; Bacillales; Paenibacillaceae; Paenibacillus,T3:T4,T3,*
1261.53,0.913,2.29E-03,Firmicutes; Bacilli; Bacillales; Bacillaceae; Bacillus,T3:T4,T3,*
6188.92,0.906,3.65E-03,Proteobacteria; Gammaproteobacteria; Salinisphaerales; Solimonadaceae; Alkanibacter,T3:T4,T3,
5339.91,0.829,7.17E-08,Proteobacteria; Gammaproteobacteria; Betaproteobacteriales; Burkholderiaceae; Massilia,T3:T4,T3,
144.91,0.726,2.84E-03,Planctomycetes; Planctomycetacia; Isosphaerales; Isosphaeraceae; Singulisphaera,T3:T4,T3,*
531.49,-0.441,7.40E-03,Proteobacteria; Gammaproteobacteria; Betaproteobacteriales; Burkholderiaceae; Variovorax,T3:T4,T4,
9087.5,-0.781,3.05E-08,Proteobacteria; Gammaproteobacteria; Pseudomonadales; Pseudomonadaceae; Pseudomonas,T3:T4,T4,
2028.92,-0.964,3.59E-03,Bacteroidetes; Bacteroidia; Sphingobacteriales; Sphingobacteriaceae; Pedobacter,T3:T4,T4,
311.36,-1.012,3.59E-03,Chlamydiae; Chlamydiae; Chlamydiales; Parachlamydiaceae; Neochlamydia,T3:T4,T4,
531.58,-1.29,3.97E-06,Proteobacteria; Alphaproteobacteria; Rhizobiales; Rhizobiaceae; Shinella,T3:T4,T4,
64.83,-1.31,1.20E-03,Proteobacteria; Alphaproteobacteria; Rhodobacterales; Rhodobacteraceae; Pseudorhodobacter,T3:T4,T4,
467.13,-1.438,4.20E-03,Proteobacteria; Gammaproteobacteria; Betaproteobacteriales; Burkholderiaceae; Janthinobacterium,T3:T4,T4,
115.81,-1.538,2.25E-03,Proteobacteria; Alphaproteobacteria; Rhizobiales; Xanthobacteraceae; Tardiphaga,T3:T4,T4,
368.37,-1.577,1.73E-06,Proteobacteria; Alphaproteobacteria; Rhizobiales; Rhizobiaceae; Allorhizobium-Rhizobium,T3:T4,T4,
26.35,-1.645,8.36E-04,Proteobacteria; Gammaproteobacteria; Xanthomonadales; Xanthomonadaceae; Pseudoxanthomonas,T3:T4,T4,
443.12,-1.654,1.44E-03,Proteobacteria; Alphaproteobacteria; Caulobacterales; Caulobacteraceae; Asticcacaulis,T3:T4,T4,
385.16,-2.878,1.74E-07,Proteobacteria; Gammaproteobacteria; Xanthomonadales; Xanthomonadaceae; Stenotrophomonas,T3:T4,T4,*
102.48,-3.05,2.51E-05,Bacteroidetes; Bacteroidia; Flavobacteriales; Weeksellaceae; Chryseobacterium,T3:T4,T4,*
682.82,-3.579,2.69E-04,Proteobacteria; Gammaproteobacteria; Betaproteobacteriales; Burkholderiaceae; Acidovorax,T3:T4,T4,
7.47,-25.897,1.05E-38,Firmicutes; Clostridia; Clostridiales; Clostridiaceae_1; Fonticella,T3:T4,T4,*
15.99,-34.624,6.50E-26,Firmicutes; Clostridia; Clostridiales; Peptococcaceae; Desulfosporosinus,T3:T4,T4,*